SR66S;	-1438.32	-0.040
MR67M;	-1438.32	-0.040
IR68I;	-1438.32	-0.040
TR72T;	-1438.28	0.000
IR73I;	-1437.91	0.370
MR74M;	-1438.36	-0.080
AR75A;	-1438.46	-0.180
LR76L;	-1438.46	-0.180
IR79I;	-1438.97	-0.690
VR80V;	-1438.97	-0.690
LR85L;	-1438.06	0.220
FR89F;	-1438.28	0.000
MR92M;	-1437.85	0.430
YR93Y;	-1438.28	0.000
VR94V;	-1439.42	-1.140
YR98Y;	-1439.35	-1.070
TR99T;	-1439.42	-1.140
KR102K;	-1438.28	0.000
AR104A;	-1439.49	-1.210
LR114L;	-1438.19	0.090
AR117A;	-1438.28	0.000
AR119A;	-1438.28	0.000
TR120T;	-1438.87	-0.590
SR121S;	-1438.28	0.000
QR126Q;	-1438.28	0.000
SR127S;	-1438.15	0.130
MR132M;	-1438.28	0.000
TR134T;	-1438.36	-0.080
IR140I;	-1438.12	0.160
LR141L;	-1437.50	0.780
SR147S;	-1438.73	-0.450
YR151Y;	-1429.19	9.090
TR155T;	-1438.54	-0.260
IR157I;	-1438.48	-0.200
CR161C;	-1439.46	-1.180
TR162T;	-1439.46	-1.180
IR169I;	-1438.76	-0.480
VR171V;	-1439.09	-0.810
VR175V;	-1438.18	0.100
KR176K;	-1438.28	0.000
LR178L;	-1438.34	-0.060
DR179D;	-1438.52	-0.240
FR180F;	-1438.07	0.210
IR189I;	-1437.84	0.440
NR190N;	-1436.36	1.920
NR193N;	-1438.62	-0.340
IR195I;	-1438.27	0.010
SR197S;	-1438.27	0.010
SR198S;	-1438.27	0.010
IR200I;	-1438.16	0.120
GR201G;	-1438.72	-0.440
LR202L;	-1438.51	-0.230
VR204V;	-1438.54	-0.260
MR205M;	-1438.73	-0.450
FR206F;	-1438.52	-0.240
MR207M;	-1438.28	0.000
AR208A;	-1438.73	-0.450
TR209T;	-1428.44	9.840
KR211K;	-1438.29	-0.010
RR213R;	-1438.50	-0.220
QR214Q;	-1438.50	-0.220
SR216S;	-1438.50	-0.220
IR217I;	-1438.79	-0.510
DR218D;	-1438.93	-0.650
LR221L;	-1438.53	-0.250
SR224S;	-1438.28	0.000
HR225H;	-1438.37	-0.090
PR226P;	-1437.99	0.290
TR227T;	-1438.02	0.260
NR232N;	-1438.28	0.000
LR233L;	-1436.61	1.670
LR234L;	-1438.23	0.050
KR235K;	-1440.99	-2.710
CR237C;	-1438.23	0.050
VR238V;	-1438.18	0.100
IR240I;	-1438.28	0.000
FR241F;	-1438.54	-0.260
AR242A;	-1438.54	-0.260
FR243F;	-1438.10	0.180
LR248L;	-1438.05	0.230
TR251T;	-1438.28	0.000
GR255G;	-1438.28	0.000
LR256L;	-1438.11	0.170
MR257M;	-1437.81	0.470
IR258I;	-1438.54	-0.260
RR260R;	-1438.33	-0.050
KR262K;	-1438.54	-0.260
SR263S;	-1438.54	-0.260
VR264V;	-1438.54	-0.260
RR265R;	-1438.06	0.220
MR266M;	-1438.17	0.110
LR267L;	-1439.67	-1.390
GR269G;	-1438.02	0.260
KR271K;	-1439.53	-1.250
ER272E;	-1439.53	-1.250
KR273K;	-1439.53	-1.250
DR274D;	-1439.97	-1.690
RR275R;	-1437.03	1.250
NR276N;	-1439.49	-1.210
LR277L;	-1439.47	-1.190
RR278R;	-1440.10	-1.820
RR279R;	-1440.10	-1.820
IR280I;	-1439.79	-1.510
VR284V;	-1438.27	0.010
VR286V;	-1438.18	0.100
AR289A;	-1438.29	-0.010
IR292I;	-1438.10	0.180
VR302V;	-1440.85	-2.570
IR303I;	-1440.89	-2.610
IR304I;	-1441.06	-2.780
AR306A;	-1441.06	-2.780
LR307L;	-1440.96	-2.680
TR309T;	-1440.85	-2.570
IR310I;	-1440.16	-1.880
PR311P;	-1438.45	-0.170
TR313T;	-1438.50	-0.220
QR316Q;	-1438.17	0.110
TR317T;	-1438.50	-0.220
VR318V;	-1438.22	0.060
WR320W;	-1437.92	0.360
HR321H;	-1434.08	4.200
CR323C;	-1438.31	-0.030
IR324I;	-1438.28	0.000
AR325A;	-1438.36	-0.080
TR329T;	-1438.87	-0.590
DR342D;	-1438.40	-0.120
NR344N;	-1439.42	-1.140
KR346K;	-1439.17	-0.890
RR347R;	-1439.40	-1.120
CR348C;	-1439.42	-1.140
RR350R;	-1439.42	-1.140
ER351E;	-1440.63	-2.350
FR352F;	-1439.42	-1.140
