MR74S;	-1434.71	3.570
VR80I;	-1439.48	-1.200
TR99K;	-1445.28	-7.000
KR102R;	-1438.07	0.210
SR127A;	-1439.63	-1.350
IR217T;	-1438.59	-0.310
KR235T;	-1436.97	1.310
RR275A;	-1434.96	3.320
IR280V;	-1438.21	0.070
IR304W;	-1441.76	-3.480
TR317R;	-1439.60	-1.320
IR324H;	-1436.70	1.580
IR68A;	-1439.55	-1.270
IR79L;	-1438.84	-0.560
YR98K;	-1438.04	0.240
SR198L;	-1434.82	3.460
MR205L;	-1438.29	-0.010
TR209E;	-1440.13	-1.850
KR271R;	-1440.08	-1.800
VR284L;	-1441.69	-3.410
IR303L;	-1439.60	-1.320
LR307F;	-1440.44	-2.160
TR309D;	-1442.81	-4.530
TR329A;	-1439.56	-1.280
IR68A;	-1439.55	-1.270
TR134Y;	-1440.35	-2.070
CR161T;	-1435.81	2.470
NR190I;	-1429.21	9.070
LR233F;	-1436.98	1.300
KR235N;	-1438.13	0.150
CR237Y;	-1440.49	-2.210
RR275K;	-1437.31	0.970
RR279K;	-1437.92	0.360
VR302N;	-1440.93	-2.650
AR306S;	-1441.09	-2.810
PR311E;	-1436.36	1.920
MR92C;	-1434.78	3.500
YR98N;	-1435.68	2.600
AR117L;	-1409.94	28.340
IR140V;	-1438.57	-0.290
IR169L;	-1437.63	0.650
KR176R;	-1437.81	0.470
SR198L;	-1434.82	3.460
MR205L;	-1438.29	-0.010
KR211E;	-1440.92	-2.640
IR304Y;	-1442.98	-4.700
VR318I;	-1438.58	-0.300
FR352L;	-1434.53	3.750
LR76I;	-1438.16	0.120
KR102R;	-1438.07	0.210
QR126L;	-1435.88	2.400
MR207F;	-1434.66	3.620
SR224P;	-1440.44	-2.160
FR243Y;	-1438.16	0.120
VR264S;	-1435.45	2.830
MR266L;	-1437.55	0.730
IR292V;	-1437.34	0.940
TR313S;	-1439.22	-0.940
AR325C;	-1437.57	0.710
KR346R;	-1438.61	-0.330
IR79L;	-1438.84	-0.560
KR102R;	-1438.07	0.210
AR119F;	-1372.29	65.990
SR121L;	-1439.19	-0.910
TR155A;	-1437.51	0.770
FR180L;	-1427.35	10.930
IR195L;	-1438.54	-0.260
IR200L;	-1436.28	2.000
RR213V;	-1437.26	1.020
SR216K;	-1440.90	-2.620
AR289L;	-1436.64	1.640
IR304L;	-1441.02	-2.740
LR114V;	-1438.57	-0.290
LR141M;	-1436.16	2.120
YR151I;	-1429.39	8.890
IR157V;	-1435.24	3.040
VR175L;	-1438.13	0.150
SR216K;	-1440.90	-2.620
DR218Y;	-1429.95	8.330
RR260K;	-1438.11	0.170
DR274R;	-1439.33	-1.050
IR304L;	-1441.02	-2.740
TR313S;	-1439.22	-0.940
QR316Y;	-1435.85	2.430
FR89L;	-1436.29	1.990
KR102R;	-1438.07	0.210
VR175L;	-1438.13	0.150
QR214N;	-1439.70	-1.420
HR225E;	-1438.23	0.050
IR240V;	-1437.23	1.050
MR266S;	-1438.44	-0.160
IR292V;	-1437.34	0.940
TR313S;	-1439.22	-0.940
HR321P;	-1426.10	12.180
CR323I;	-1432.41	5.870
AR325C;	-1437.57	0.710
YR93L;	-1437.74	0.540
IR169L;	-1437.63	0.650
DR179S;	-1439.46	-1.180
MR207F;	-1434.66	3.620
HR225E;	-1438.23	0.050
FR241V;	-1436.68	1.600
LR256R;	-1440.32	-2.040
RR278K;	-1440.00	-1.720
LR307F;	-1440.44	-2.160
HR321P;	-1426.10	12.180
CR323S;	-1437.71	0.570
NR344K;	-1438.49	-0.210
AR117F;	-1388.43	49.850
AR119F;	-1372.29	65.990
YR151L;	-1436.50	1.780
TR155A;	-1437.51	0.770
TR227P;	-1440.49	-2.210
LR234Y;	-1436.95	1.330
IR258A;	-1435.04	3.240
ER272S;	-1436.68	1.600
RR278K;	-1440.00	-1.720
WR320F;	-1440.96	-2.680
IR324L;	-1437.11	1.170
KR346R;	-1438.61	-0.330
IR73L;	-1436.19	2.090
YR98K;	-1438.04	0.240
TR120V;	-1440.51	-2.230
SR121L;	-1439.19	-0.910
MR132L;	-1436.86	1.420
IR140F;	-1437.82	0.460
NR190I;	-1429.21	9.070
VR238L;	-1433.48	4.800
AR242G;	-1435.21	3.070
TR251S;	-1437.66	0.620
LR277K;	-1433.59	4.690
RR279K;	-1437.92	0.360
MR67S;	-1438.58	-0.300
VR80I;	-1439.48	-1.200
TR120V;	-1440.51	-2.230
KR211V;	-1438.56	-0.280
NR232K;	-1437.11	1.170
IR258A;	-1435.04	3.240
LR267R;	-1433.69	4.590
ER272R;	-1435.35	2.930
LR277K;	-1433.59	4.690
AR306D;	-1440.51	-2.230
TR329L;	-1440.54	-2.260
RR350K;	-1441.17	-2.890
MR67L;	-1438.02	0.260
TR155A;	-1437.51	0.770
FR180L;	-1427.35	10.930
IR189V;	-1438.35	-0.070
FR206I;	-1436.22	2.060
AR208R;	-1336.43	101.850
RR213V;	-1437.26	1.020
DR218V;	-1440.44	-2.160
GR255T;	-1430.60	7.680
SR263K;	-1439.41	-1.130
IR304V;	-1440.43	-2.150
TR329S;	-1438.65	-0.370
SR121L;	-1439.19	-0.910
SR147F;	-1403.60	34.680
TR162V;	-1438.83	-0.550
VR171I;	-1439.33	-1.050
FR206I;	-1436.22	2.060
NR232L;	-1436.55	1.730
KR262R;	-1438.01	0.270
AR289L;	-1436.64	1.640
IR303L;	-1439.60	-1.320
TR309D;	-1442.81	-4.530
AR325L;	-1431.74	6.540
DR342G;	-1432.66	5.620
SR66L;	-1435.68	2.600
MR67S;	-1438.58	-0.300
IR73L;	-1436.19	2.090
YR93F;	-1438.16	0.120
VR175L;	-1438.13	0.150
SR198L;	-1434.82	3.460
GR201S;	-1437.15	1.130
IR217T;	-1438.59	-0.310
RR260K;	-1438.11	0.170
RR265S;	-1439.19	-0.910
VR286I;	-1438.36	-0.080
CR348A;	-1439.52	-1.240
AR75I;	-1434.56	3.720
VR94I;	-1439.79	-1.510
AR104V;	-1401.37	36.910
TR155A;	-1437.51	0.770
VR238L;	-1433.48	4.800
AR242G;	-1435.21	3.070
VR264S;	-1435.45	2.830
KR271S;	-1440.29	-2.010
IR310L;	-1440.44	-2.160
VR318Y;	-1437.73	0.550
IR324H;	-1436.70	1.580
KR346R;	-1438.61	-0.330
IR140V;	-1438.57	-0.290
CR161T;	-1435.81	2.470
FR180L;	-1427.35	10.930
SR197A;	-1437.94	0.340
VR204F;	-1427.14	11.140
LR221I;	-1427.58	10.700
SR224P;	-1440.44	-2.160
PR226G;	-1434.27	4.010
GR255V;	-1429.76	8.520
LR256K;	-1439.26	-0.980
SR263K;	-1439.41	-1.130
RR278K;	-1440.00	-1.720
MR74P;	-1414.38	23.900
LR85V;	-1433.44	4.840
SR127A;	-1439.63	-1.350
VR175L;	-1438.13	0.150
LR178A;	-1439.75	-1.470
KR211V;	-1438.56	-0.280
LR248I;	-1438.38	-0.100
MR266A;	-1438.21	0.070
IR280V;	-1438.21	0.070
AR289L;	-1436.64	1.640
IR310G;	-1438.17	0.110
TR329A;	-1439.56	-1.280
SR66P;	-1436.85	1.430
TR72I;	-1436.50	1.780
MR74S;	-1434.71	3.570
KR102R;	-1438.07	0.210
LR202I;	-1438.67	-0.390
FR206I;	-1436.22	2.060
KR235T;	-1436.97	1.310
GR269S;	-1424.08	14.200
IR304L;	-1441.02	-2.740
TR313S;	-1439.22	-0.940
QR316V;	-1436.66	1.620
ER351K;	-1440.95	-2.670
SR127I;	-1431.25	7.030
SR147F;	-1403.60	34.680
CR161T;	-1435.81	2.470
NR193I;	-1441.79	-3.510
AR242G;	-1435.21	3.070
TR251S;	-1437.66	0.620
MR257I;	-1437.58	0.700
KR273R;	-1440.79	-2.510
NR276S;	-1436.41	1.870
VR286A;	-1437.87	0.410
AR306L;	-1424.75	13.530
RR347K;	-1439.14	-0.860
