MR74H;	-1434.27	4.010
VR80W;	-1434.99	3.290
TR99Q;	-1444.54	-6.260
KR102I;	-1435.61	2.670
SR127K;	-1441.86	-3.580
IR217N;	-1438.10	0.180
KR235D;	-1436.55	1.730
RR275N;	-1436.68	1.600
IR280C;	-1436.24	2.040
IR304D;	-1441.09	-2.810
TR317Y;	-1438.94	-0.660
IR324D;	-1434.80	3.480
IR68F;	-1439.43	-1.150
IR79L;	-1438.84	-0.560
YR98V;	-1435.90	2.380
SR198N;	-1434.86	3.420
MR205I;	-1438.50	-0.220
TR209F;	-1433.55	4.730
KR271V;	-1437.94	0.340
VR284W;	-1418.11	20.170
IR303E;	-1440.72	-2.440
LR307R;	-1442.40	-4.120
TR309G;	-1441.49	-3.210
TR329G;	-1437.00	1.280
IR68R;	-1439.82	-1.540
TR134E;	-1436.88	1.400
CR161N;	-1440.16	-1.880
NR190W;	-1400.75	37.530
LR233C;	-1436.78	1.500
KR235N;	-1438.13	0.150
CR237E;	-1440.80	-2.520
RR275W;	-1433.46	4.820
RR279Y;	-1438.57	-0.290
VR302Q;	-1442.32	-4.040
AR306F;	-1423.18	15.100
PR311R;	-1436.71	1.570
MR92Q;	-1439.08	-0.800
YR98A;	-1434.08	4.200
AR117S;	-1436.18	2.100
IR140T;	-1439.73	-1.450
IR169M;	-1436.93	1.350
KR176H;	-1437.27	1.010
SR198C;	-1437.92	0.360
MR205N;	-1437.45	0.830
KR211C;	-1437.62	0.660
IR304E;	-1442.31	-4.030
VR318C;	-1437.47	0.810
FR352V;	-1434.49	3.790
LR76P;	-1404.36	33.920
KR102S;	-1436.45	1.830
QR126L;	-1435.88	2.400
MR207F;	-1434.66	3.620
SR224K;	-1436.98	1.300
FR243D;	-1432.45	5.830
VR264M;	-1438.03	0.250
MR266F;	-1439.02	-0.740
IR292W;	-1437.87	0.410
TR313Q;	-1438.01	0.270
AR325W;	-1401.38	36.900
KR346F;	-1437.55	0.730
IR79M;	-1440.36	-2.080
KR102I;	-1435.61	2.670
AR119C;	-1435.38	2.900
SR121H;	-1437.16	1.120
TR155N;	-1434.61	3.670
FR180Q;	-1436.15	2.130
IR195A;	-1438.09	0.190
IR200E;	-1437.39	0.890
RR213C;	-1435.81	2.470
SR216E;	-1439.93	-1.650
AR289R;	-1438.58	-0.300
IR304W;	-1441.76	-3.480
LR114M;	-1437.07	1.210
LR141I;	-1436.34	1.940
YR151A;	-1435.86	2.420
IR157K;	-1427.20	11.080
VR175D;	-1439.57	-1.290
SR216P;	-1416.86	21.420
DR218T;	-1438.80	-0.520
RR260Q;	-1437.20	1.080
DR274C;	-1437.87	0.410
IR304S;	-1440.41	-2.130
TR313M;	-1437.35	0.930
QR316S;	-1435.61	2.670
FR89G;	-1433.70	4.580
KR102H;	-1436.89	1.390
VR175Q;	-1440.30	-2.020
QR214P;	-1433.74	4.540
HR225Y;	-1438.14	0.140
IR240A;	-1434.70	3.580
MR266R;	-1438.89	-0.610
IR292K;	-1438.62	-0.340
TR313M;	-1437.35	0.930
HR321S;	-1432.81	5.470
CR323G;	-1435.92	2.360
AR325W;	-1401.38	36.900
YR93I;	-1436.27	2.010
IR169G;	-1432.05	6.230
DR179F;	-1437.73	0.550
MR207L;	-1436.17	2.110
HR225D;	-1438.19	0.090
FR241Y;	-1438.53	-0.250
LR256P;	-1419.75	18.530
RR278Q;	-1440.05	-1.770
LR307P;	-1421.54	16.740
HR321R;	-1429.58	8.700
CR323V;	-1434.93	3.350
NR344T;	-1438.34	-0.060
AR117C;	-1436.24	2.040
AR119E;	-1438.83	-0.550
YR151W;	-1434.81	3.470
TR155N;	-1434.61	3.670
TR227L;	-1436.48	1.800
LR234I;	-1435.74	2.540
IR258W;	-1430.22	8.060
ER272H;	-1435.30	2.980
RR278H;	-1438.92	-0.640
WR320H;	-1440.06	-1.780
IR324P;	-1417.51	20.770
KR346W;	-1439.11	-0.830
IR73E;	-1417.67	20.610
YR98Q;	-1437.02	1.260
TR120V;	-1440.51	-2.230
SR121P;	-1407.64	30.640
MR132S;	-1437.38	0.900
IR140S;	-1439.79	-1.510
NR190L;	-1431.34	6.940
VR238I;	-1439.51	-1.230
AR242W;	-1246.74	191.540
TR251G;	-1436.85	1.430
LR277T;	-1432.06	6.220
RR279L;	-1437.39	0.890
MR67G;	-1437.61	0.670
VR80K;	-1438.42	-0.140
TR120Q;	-1443.68	-5.400
KR211G;	-1437.02	1.260
NR232S;	-1436.36	1.920
IR258E;	-1438.32	-0.040
LR267W;	-1434.92	3.360
ER272S;	-1436.68	1.600
LR277R;	-1437.44	0.840
AR306V;	-1437.77	0.510
TR329K;	-1440.79	-2.510
RR350F;	-1440.15	-1.870
MR67I;	-1435.89	2.390
TR155F;	-1396.47	41.810
FR180R;	-1431.92	6.360
IR189N;	-1438.98	-0.700
FR206M;	-1437.91	0.370
AR208Y;	-1369.63	68.650
RR213Y;	-1437.04	1.240
DR218S;	-1437.88	0.400
GR255W;	-1431.13	7.150
SR263R;	-1438.90	-0.620
IR304K;	-1442.27	-3.990
TR329P;	-1402.46	35.820
SR121E;	-1439.74	-1.460
SR147G;	-1437.67	0.610
TR162L;	-1434.20	4.080
VR171C;	-1435.74	2.540
FR206G;	-1438.02	0.260
NR232Y;	-1438.67	-0.390
KR262F;	-1437.44	0.840
AR289S;	-1437.90	0.380
IR303A;	-1438.37	-0.090
TR309L;	-1440.13	-1.850
AR325M;	-1426.13	12.150
DR342L;	-1437.85	0.430
SR66N;	-1438.34	-0.060
MR67I;	-1435.89	2.390
IR73L;	-1436.19	2.090
YR93L;	-1437.74	0.540
VR175M;	-1438.96	-0.680
SR198F;	-1404.62	33.660
GR201W;	-1435.95	2.330
IR217V;	-1439.19	-0.910
RR260S;	-1436.14	2.140
RR265F;	-1437.32	0.960
VR286D;	-1439.37	-1.090
CR348P;	-1421.35	16.930
AR75I;	-1434.56	3.720
VR94R;	-1396.17	42.110
AR104P;	-1437.42	0.860
TR155K;	-1397.21	41.070
VR238H;	-1436.27	2.010
AR242Y;	-1317.50	120.780
VR264M;	-1438.03	0.250
KR271A;	-1439.99	-1.710
IR310G;	-1438.17	0.110
VR318A;	-1436.23	2.050
IR324N;	-1437.93	0.350
KR346G;	-1437.79	0.490
IR140M;	-1439.47	-1.190
CR161V;	-1434.88	3.400
FR180R;	-1431.92	6.360
SR197W;	-1338.08	100.200
VR204R;	-1422.59	15.690
LR221S;	-1429.33	8.950
SR224Q;	-1437.23	1.050
PR226M;	-1436.17	2.110
GR255T;	-1430.60	7.680
LR256D;	-1437.45	0.830
SR263D;	-1438.06	0.220
RR278Q;	-1440.05	-1.770
MR74G;	-1435.31	2.970
LR85N;	-1435.78	2.500
SR127G;	-1436.88	1.400
VR175D;	-1439.57	-1.290
LR178V;	-1438.42	-0.140
KR211G;	-1437.02	1.260
LR248F;	-1438.81	-0.530
MR266S;	-1438.44	-0.160
IR280T;	-1437.20	1.080
AR289S;	-1437.90	0.380
IR310V;	-1439.60	-1.320
TR329L;	-1440.54	-2.260
SR66Q;	-1438.32	-0.040
TR72R;	-1439.07	-0.790
MR74D;	-1436.52	1.760
KR102N;	-1438.01	0.270
LR202N;	-1440.50	-2.220
FR206H;	-1439.46	-1.180
KR235I;	-1438.78	-0.500
GR269H;	-1422.08	16.200
IR304P;	-1419.28	19.000
TR313F;	-1380.82	57.460
QR316K;	-1439.73	-1.450
ER351D;	-1438.74	-0.460
SR127W;	-1418.67	19.610
SR147M;	-1440.19	-1.910
CR161V;	-1434.88	3.400
NR193C;	-1436.28	2.000
AR242S;	-1437.14	1.140
TR251G;	-1436.85	1.430
MR257P;	-1395.72	42.560
KR273Q;	-1439.36	-1.080
NR276M;	-1436.50	1.780
VR286M;	-1439.95	-1.670
AR306W;	-1344.78	93.500
RR347M;	-1438.39	-0.110
