MR74L;	-1435.46	2.820
VR80I;	-1439.48	-1.200
TR99S;	-1440.79	-2.510
KR102R;	-1438.07	0.210
SR127T;	-1438.69	-0.410
IR217V;	-1439.19	-0.910
KR235R;	-1440.71	-2.430
RR275K;	-1437.31	0.970
IR280V;	-1438.21	0.070
IR304V;	-1440.43	-2.150
TR317S;	-1438.20	0.080
IR324V;	-1436.77	1.510
IR68V;	-1438.41	-0.130
IR79V;	-1438.57	-0.290
YR98F;	-1439.34	-1.060
SR198T;	-1436.46	1.820
MR205L;	-1438.29	-0.010
TR209S;	-1439.57	-1.290
KR271R;	-1440.08	-1.800
VR284I;	-1442.19	-3.910
IR303V;	-1439.50	-1.220
LR307M;	-1441.01	-2.730
TR309S;	-1442.06	-3.780
TR329S;	-1438.65	-0.370
IR68V;	-1438.41	-0.130
TR134S;	-1438.19	0.090
CR161A;	-1437.91	0.370
NR190S;	-1436.78	1.500
LR233M;	-1436.30	1.980
KR235R;	-1440.71	-2.430
CR237A;	-1439.01	-0.730
RR275K;	-1437.31	0.970
RR279K;	-1437.92	0.360
VR302I;	-1441.79	-3.510
AR306S;	-1441.09	-2.810
PR311T;	-1436.18	2.100
MR92L;	-1433.19	5.090
YR98F;	-1439.34	-1.060
AR117S;	-1436.18	2.100
IR140V;	-1438.57	-0.290
IR169V;	-1437.58	0.700
KR176R;	-1437.81	0.470
SR198T;	-1436.46	1.820
MR205L;	-1438.29	-0.010
KR211R;	-1437.89	0.390
IR304V;	-1440.43	-2.150
VR318I;	-1438.58	-0.300
FR352Y;	-1439.67	-1.390
LR76M;	-1438.93	-0.650
KR102R;	-1438.07	0.210
QR126E;	-1436.80	1.480
MR207L;	-1436.17	2.110
SR224T;	-1436.98	1.300
FR243Y;	-1438.16	0.120
VR264I;	-1439.67	-1.390
MR266L;	-1437.55	0.730
IR292V;	-1437.34	0.940
TR313S;	-1439.22	-0.940
AR325S;	-1436.69	1.590
KR346R;	-1438.61	-0.330
IR79V;	-1438.57	-0.290
KR102R;	-1438.07	0.210
AR119S;	-1437.20	1.080
SR121T;	-1436.70	1.580
TR155S;	-1437.28	1.000
FR180Y;	-1438.97	-0.690
IR195V;	-1437.56	0.720
IR200V;	-1437.20	1.080
RR213K;	-1438.26	0.020
SR216T;	-1436.73	1.550
AR289S;	-1437.90	0.380
IR304V;	-1440.43	-2.150
LR114M;	-1437.07	1.210
LR141M;	-1436.16	2.120
YR151F;	-1435.76	2.520
IR157V;	-1435.24	3.040
VR175I;	-1437.68	0.600
SR216T;	-1436.73	1.550
DR218E;	-1442.56	-4.280
RR260K;	-1438.11	0.170
DR274E;	-1441.13	-2.850
IR304V;	-1440.43	-2.150
TR313S;	-1439.22	-0.940
QR316E;	-1442.68	-4.400
FR89Y;	-1438.16	0.120
KR102R;	-1438.07	0.210
VR175I;	-1437.68	0.600
QR214E;	-1437.86	0.420
HR225Y;	-1438.14	0.140
IR240V;	-1437.23	1.050
MR266L;	-1437.55	0.730
IR292V;	-1437.34	0.940
TR313S;	-1439.22	-0.940
HR321Y;	-1433.84	4.440
CR323A;	-1438.87	-0.590
AR325S;	-1436.69	1.590
YR93F;	-1438.16	0.120
IR169V;	-1437.58	0.700
DR179E;	-1442.06	-3.780
MR207L;	-1436.17	2.110
HR225Y;	-1438.14	0.140
FR241Y;	-1438.53	-0.250
LR256M;	-1437.39	0.890
RR278K;	-1440.00	-1.720
LR307M;	-1441.01	-2.730
HR321Y;	-1433.84	4.440
CR323A;	-1438.87	-0.590
NR344S;	-1439.04	-0.760
AR117S;	-1436.18	2.100
AR119S;	-1437.20	1.080
YR151F;	-1435.76	2.520
TR155S;	-1437.28	1.000
TR227S;	-1438.31	-0.030
LR234M;	-1436.89	1.390
IR258V;	-1436.83	1.450
ER272Q;	-1435.87	2.410
RR278K;	-1440.00	-1.720
WR320Y;	-1440.83	-2.550
IR324V;	-1436.77	1.510
KR346R;	-1438.61	-0.330
IR73V;	-1434.75	3.530
YR98F;	-1439.34	-1.060
TR120S;	-1438.17	0.110
SR121T;	-1436.70	1.580
MR132L;	-1436.86	1.420
IR140V;	-1438.57	-0.290
NR190S;	-1436.78	1.500
VR238I;	-1439.51	-1.230
AR242S;	-1437.14	1.140
TR251S;	-1437.66	0.620
LR277M;	-1436.08	2.200
RR279K;	-1437.92	0.360
MR67L;	-1438.02	0.260
VR80I;	-1439.48	-1.200
TR120S;	-1438.17	0.110
KR211R;	-1437.89	0.390
NR232S;	-1436.36	1.920
IR258V;	-1436.83	1.450
LR267M;	-1434.84	3.440
ER272Q;	-1435.87	2.410
LR277M;	-1436.08	2.200
AR306S;	-1441.09	-2.810
TR329S;	-1438.65	-0.370
RR350K;	-1441.17	-2.890
MR67L;	-1438.02	0.260
TR155S;	-1437.28	1.000
FR180Y;	-1438.97	-0.690
IR189V;	-1438.35	-0.070
FR206Y;	-1438.80	-0.520
AR208S;	-1437.60	0.680
RR213K;	-1438.26	0.020
DR218E;	-1442.56	-4.280
GR255S;	-1431.54	6.740
SR263T;	-1436.79	1.490
IR304V;	-1440.43	-2.150
TR329S;	-1438.65	-0.370
SR121T;	-1436.70	1.580
SR147T;	-1439.61	-1.330
TR162S;	-1438.55	-0.270
VR171I;	-1439.33	-1.050
FR206Y;	-1438.80	-0.520
NR232S;	-1436.36	1.920
KR262R;	-1438.01	0.270
AR289S;	-1437.90	0.380
IR303V;	-1439.50	-1.220
TR309S;	-1442.06	-3.780
AR325S;	-1436.69	1.590
DR342E;	-1438.14	0.140
SR66T;	-1437.08	1.200
MR67L;	-1438.02	0.260
IR73V;	-1434.75	3.530
YR93F;	-1438.16	0.120
VR175I;	-1437.68	0.600
SR198T;	-1436.46	1.820
GR201S;	-1437.15	1.130
IR217V;	-1439.19	-0.910
RR260K;	-1438.11	0.170
RR265K;	-1438.25	0.030
VR286I;	-1438.36	-0.080
CR348A;	-1439.52	-1.240
AR75S;	-1438.15	0.130
VR94I;	-1439.79	-1.510
AR104S;	-1438.12	0.160
TR155S;	-1437.28	1.000
VR238I;	-1439.51	-1.230
AR242S;	-1437.14	1.140
VR264I;	-1439.67	-1.390
KR271R;	-1440.08	-1.800
IR310V;	-1439.60	-1.320
VR318I;	-1438.58	-0.300
IR324V;	-1436.77	1.510
KR346R;	-1438.61	-0.330
IR140V;	-1438.57	-0.290
CR161A;	-1437.91	0.370
FR180Y;	-1438.97	-0.690
SR197T;	-1435.42	2.860
VR204I;	-1439.88	-1.600
LR221M;	-1433.46	4.820
SR224T;	-1436.98	1.300
PR226T;	-1434.84	3.440
GR255S;	-1431.54	6.740
LR256M;	-1437.39	0.890
SR263T;	-1436.79	1.490
RR278K;	-1440.00	-1.720
MR74L;	-1435.46	2.820
LR85M;	-1436.40	1.880
SR127T;	-1438.69	-0.410
VR175I;	-1437.68	0.600
LR178M;	-1439.55	-1.270
KR211R;	-1437.89	0.390
LR248M;	-1438.48	-0.200
MR266L;	-1437.55	0.730
IR280V;	-1438.21	0.070
AR289S;	-1437.90	0.380
IR310V;	-1439.60	-1.320
TR329S;	-1438.65	-0.370
SR66T;	-1437.08	1.200
TR72S;	-1438.85	-0.570
MR74L;	-1435.46	2.820
KR102R;	-1438.07	0.210
LR202M;	-1438.64	-0.360
FR206Y;	-1438.80	-0.520
KR235R;	-1440.71	-2.430
GR269S;	-1424.08	14.200
IR304V;	-1440.43	-2.150
TR313S;	-1439.22	-0.940
QR316E;	-1442.68	-4.400
ER351Q;	-1440.91	-2.630
SR127T;	-1438.69	-0.410
SR147T;	-1439.61	-1.330
CR161A;	-1437.91	0.370
NR193S;	-1435.72	2.560
AR242S;	-1437.14	1.140
TR251S;	-1437.66	0.620
MR257L;	-1440.03	-1.750
KR273R;	-1440.79	-2.510
NR276S;	-1436.41	1.870
VR286I;	-1438.36	-0.080
AR306S;	-1441.09	-2.810
RR347K;	-1439.14	-0.860
