p_group_only,p_group_sex,p_full_adj,beta_group_full,top_cell_type,top_cell_p,survives,Gene
0.021507170136054295,0.17906811214104573,0.8349303291977029,-0.042344142518671975,T_cells_CD8,0.0002463728995006743,NO,IRF4
0.01915460873005691,0.012262647443136685,0.0999592514954013,-0.286751774267469,Mast_cells,0.010029202946609467,NO,LTBP4
0.15383200249928802,0.1011499974007553,0.48138039034840063,0.08821726118679156,Dendritic_cells,0.01669363274119809,NO,NEO1
0.02691890345119333,0.006879349047169184,0.012222820753702904,-0.2121810568427739,Eosinophils,0.039467882145018514,SI,CTD-2574D22.3
0.0015652534325984277,0.1613156698059657,0.42326221048263035,0.162396472391628,NK_cells,0.003420932392579635,NO,DNTTIP1
0.21508423644276167,0.29735353441476386,0.07258172522835563,-0.3692499965453075,B_cells,0.0003631146724009238,NO,CCDC61
0.0020796006297654525,0.02354653578985897,0.05947273886409232,0.21301271977689434,Eosinophils,0.00902107826869934,NO,RPSAP36
2.463830783023446e-06,0.00020335464209394203,0.2744567894728558,-0.17336033607727214,NK_cells,2.6615629467970442e-05,NO,MARCKS
0.05928008074163317,0.3242777687343573,0.7991270192644362,-0.022946539555547135,Eosinophils,0.02423472402354829,NO,NKX2-2
0.006473729812195399,0.2719332784959932,0.2923613838183986,0.15352372697216699,B_cells,0.3301189045265964,NO,KLHL3
0.03384703853721909,0.3073285337371481,0.6803479167112381,-0.06714375927328536,B_cells,0.008738691009801661,NO,NOP56P3
0.0006553404822255477,0.023722833514480676,0.23506091811102056,0.138106430740686,Mast_cells,0.0006166039051243377,NO,EXTL1
6.576200569224514e-05,0.011072619321636204,0.06877979040796886,0.2474505758687718,Basophils,0.11159501179282186,NO,KRT8P39
0.0038521462994687435,0.04300876124366742,0.837551237563807,0.041596901271878706,T_cells_CD8,0.003013375281474884,NO,VHL
0.00031786425527276506,0.01959001094087989,0.2798813528083998,0.14214960797696752,Mast_cells,0.0019916991201976765,NO,DKK4
0.01337820134637115,0.08610200772585423,0.33264663160217733,-0.2774084216481609,NK_cells,0.11392482300275454,NO,RAVER1
0.1864265943947311,0.05633408929233112,0.2594166304646042,-0.20898966252035467,T_cells_CD8,0.0007559204295387333,NO,FAM3A
0.0020729208230177874,0.009142422975773296,0.31144068509917927,0.14922009772406503,T_cells_CD4,0.009733535369439172,NO,POLR3GP2
0.002399169928704513,0.003000920735101827,0.11228662041152036,-0.2833284227612428,T_cells_CD8,0.018013574159478837,NO,SGSH
4.890634643288816e-05,0.016003999603701677,0.787400128306253,0.022238341489129725,T_cells_Treg,0.00021984264287291014,NO,EDA2R
0.11493360009989956,0.3774664660884702,0.7392644278529715,0.06881280210702413,T_cells_CD8,0.009815188865686091,NO,GLI4
0.9877161888648661,0.990567673572553,0.6151473866992767,-0.12163269523179497,NK_cells,0.05331047746006247,NO,RP4-800G7.2
6.246091741251616e-08,1.2283443914553008e-07,1.0760489636970114e-05,0.5387898240653239,T_cells_Treg,0.026413913600269463,SI,BUB1
0.29996903073185643,0.1517392136246142,0.3525659329859659,-0.13963719262016988,Mast_cells,6.671828606608343e-05,NO,LECT2
0.07964146859215303,0.02469640352111441,0.1423184561004399,-0.2615332538599098,B_cells,0.0008562454563680571,NO,CARMIL2
0.00023615769817950712,0.004454248651281473,0.12871480725133067,0.20795649528829713,T_cells_Treg,0.013324125014415433,NO,SPATA21
3.8500547576795583e-07,1.1987902037095572e-05,0.0007811274131185727,0.3953143465394137,Mast_cells,0.001543731033705572,SI,DMC1
5.561221511961447e-06,0.0005104199932787032,0.04627108599781452,0.24925170970214264,Eosinophils,0.0010295718355900515,SI,SLC4A9
8.111253668200948e-07,1.2936837419894888e-05,0.008494908510909411,-0.5824858764891029,Mast_cells,0.008329701429839964,SI,ZBTB45
0.0020344676165832175,0.017896773263837592,0.5967539874954989,0.06546500915764214,Mast_cells,4.862283053933046e-06,NO,NR1H4
0.15137990877640445,0.056002768030531294,0.01578150790314233,0.49629845124496,NK_cells,0.024805587564114447,SI,SMIM30
0.15525014015814328,0.2576168221579874,0.6130037236100605,-0.0679627522020883,B_cells,0.13165192793085356,NO,RP11-164J13.1
0.17604541252387676,0.3046240472087495,0.7098422789525304,-0.03825494056479548,Mast_cells,8.021944424798938e-06,NO,ACTR1AP1
9.858033859643574e-05,0.0029483390703921716,0.7308883270407961,-0.059328226095518084,Mast_cells,9.793128918229324e-06,NO,STRN4
0.40256061559471706,0.9983450041979451,0.8102286760228528,-0.032708837195135496,Basophils,0.0016546187224536662,NO,PROB1
0.22718630793789374,0.9962998043940495,0.7512993825746107,-0.08109665539940115,T_cells_CD4,0.012069061730270409,NO,HIGD1A
0.03839644231864172,0.10290706936455167,0.7600845057126003,0.03870856663954236,NK_cells,5.5825061627211636e-05,NO,NUP188
0.08534629720523276,0.10723738608380529,0.09223943854437326,0.2922525801348248,T_cells_CD4,0.029612027040485663,NO,WDSUB1
0.008728731441388348,0.01757140455482122,0.5437414888241395,-0.10652215228296828,Basophils,2.5901314104477022e-05,NO,GON4L
0.042409024405986866,0.14212391304649497,0.8397804048422348,0.027050416261171988,Mast_cells,0.0025905853946015874,NO,TRIM9
0.029912444740196234,0.15493380261455703,0.8781119396793521,0.02812136020908871,Eosinophils,0.017646176625800807,NO,OR6Q1
1.7527962838473966e-05,0.004736027224164888,0.3786468581018919,0.08524012644592403,Mast_cells,0.00011691393343756206,NO,ITIH2
0.00044762583346012703,0.0022082728910816727,0.6464242094492956,-0.08673668897830193,T_cells_CD8,0.00014009391761308498,NO,MRPL44
0.006177699397612991,0.010879444776425351,0.00484900245236684,0.6542453283096771,Dendritic_cells,4.3578919023221965e-10,SI,RPSAP15
0.00016222414753806603,0.0014296139379191472,0.09475156997322778,0.243912822458002,Eosinophils,0.00019172138757187564,NO,TMEM67
0.31862474187849105,0.0740019641086602,0.008268604221308316,0.4377324052804277,Basophils,1.5857804948449775e-06,SI,SNHG8
0.7145566729278642,0.8886372831913839,0.40617567978066255,-0.08808769682069102,Mast_cells,0.0010291526297941025,NO,RGS9BP
0.3868395976275082,0.941089512065678,0.17355623962228123,-0.2600397733997135,Mast_cells,7.451119334858776e-05,NO,OR5W2
0.00024786884537333833,0.0001614406416334726,0.001767412623403469,0.46235257522935563,T_cells_CD4,0.01185043757594141,SI,MS4A4E
0.020714647633373343,0.029719408028270215,0.44692393303720035,-0.12680845451421974,Mast_cells,0.1293584757686545,NO,FMNL1-DT
5.037760539707809e-06,0.0002642863914606867,0.006591304908058451,0.2514170812357126,Mast_cells,0.0008658650346131047,SI,NRIP3
0.006075598006442067,0.03803661937791113,0.41349507413519987,0.077938201048263,Mast_cells,0.0011846193108000977,NO,ASAH2B
5.407643270600703e-06,0.0008050738022769728,0.21658697487523934,0.15495979876388533,Mast_cells,1.897207124310042e-07,NO,MYH2
0.37558712973740305,0.41015665519475175,0.2900598129093974,0.18581447184562067,NK_cells,0.018108617799974167,NO,RMND5B
0.000806749878265807,0.03846939338116814,0.8685011256085008,0.03224790710203993,T_cells_CD8,8.881549316158461e-06,NO,ALKBH7
0.15689894499306142,0.9028010014780361,0.95199351551159,-0.01138118827248131,Platelets,0.018704884970829196,NO,MTSS2
0.11241246910196094,0.21029261295981075,0.008528698247763554,0.38053134776507824,T_cells_CD8,8.974196122468026e-05,SI,NKTR
0.9833425108775945,0.5269905235067857,0.0611978026590751,0.3897588453211197,Basophils,0.00039191611011989976,NO,SNX22
0.0029054304441146588,0.010898846899539391,0.6465178142310916,0.040157576429431824,Mast_cells,0.0008669872261008885,NO,PCARE
0.00017828520317875844,0.004275431454979453,0.2387270413226132,0.14158323101990844,Basophils,0.005413277347296668,NO,DDX25
0.46425907671720335,0.7928798566417027,0.5267610967552833,-0.02872951933710863,Eosinophils,0.07288607421568741,NO,DISC2
1.996367613493734e-07,1.6935999128696975e-05,0.005087317518341896,-0.460338381379367,Eosinophils,0.006220341609096294,SI,SPHK2
0.11441124113287679,0.8015958306242166,0.21655383105113857,0.24382643581213395,T_cells_CD8,2.2985874982100537e-06,NO,SDHD
0.15238761372408796,0.3979336398824644,0.8294153294346727,-0.03149603316872927,Mast_cells,0.00016985590277965852,NO,RP11-561N12.5
0.007254545565813873,0.0170657447738975,0.12791881525717733,0.16524540445996716,Mast_cells,0.0007535521608495239,NO,LIN28A
0.04524245992903695,0.008356701592716472,0.0089815368263881,0.34085531340699454,Basophils,0.04953618691631373,SI,ETV2
0.004857140180443178,0.026355236082708535,0.3387513353208766,0.13507655655748946,Mast_cells,2.019471756037688e-06,NO,KRT81
0.00010363435523684002,0.001613703386839988,0.09156669062875936,0.2490423793810055,Eosinophils,0.0010855789167211782,NO,AMOT
0.012199142605027127,0.11282026895049053,0.8184976719063628,0.028688702289291743,T_cells_Treg,0.04847458732225233,NO,ANKRD37
1.1731559526825671e-07,0.00017638113447145695,0.11380450876660017,0.15598988185561574,Mast_cells,0.00013482664230199165,NO,P3H2
5.3811839279578076e-05,2.636222356020905e-05,0.0033116794773226724,-0.5086470578445923,Platelets,0.016590616881697433,SI,SH3RF3-AS1
0.7354912057242243,0.19238710104436493,0.01979237465288167,0.44179676783961014,NK_cells,0.00697088110910595,SI,TMEM150A
0.24727107060278658,0.36805082330848826,0.47095497031401296,-0.15208844045299766,Basophils,0.0015154772458844388,NO,RNF121
0.008768385423087477,0.03234335479199339,0.4998077023898385,-0.19591994016889624,T_cells_CD8,0.005257660863305454,NO,TOMM22
0.6958886522329163,0.5877361219632841,0.14209387165099424,-0.17732564533234188,Mast_cells,0.01694946744948027,NO,PTGES3P2
0.02981803827608127,0.11102627896711907,0.8239072901933729,0.04023652123838279,Mast_cells,9.217487316677165e-05,NO,ZNF443
0.009754857068830992,0.21709521036701895,0.4441275993913201,0.1468627814603681,NK_cells,4.220150875737411e-06,NO,YIPF1
0.39806868745097745,0.5353191455070574,0.4045105245242146,0.1305746009849759,Mast_cells,0.03237252562712707,NO,ZNF641
0.0021001079180536426,0.0011355608303707362,0.0002751409049315336,0.5672617756292231,NK_cells,0.03903034370814053,SI,RP11-674E16.5
7.211062192509208e-10,5.15346216758714e-05,0.004258156948982244,0.30108398883345616,Mast_cells,0.00023272029476972497,SI,SLC7A3
4.89429884768168e-06,0.0070106031314773505,0.7615797986921287,0.054355062786171866,NK_cells,2.1282339267347833e-09,NO,MAFB
0.2753370367634334,0.10974247279330224,0.12352450747073043,-0.3425553110009145,Basophils,0.01354938380132362,NO,HUS1B
7.336773131857424e-07,0.000692218001492224,0.6902196551731419,0.06714448783616311,Mast_cells,9.716657887635399e-12,NO,FGR
8.358593954270607e-05,0.0006886488963280925,0.06349925122151723,0.2282400181476573,Mast_cells,0.0007584128923172969,NO,ZNF806
0.33956886670631964,0.4881698485603029,0.9701787979015241,0.005948636232987102,Basophils,0.015489061008244763,NO,SIGLEC6
0.00015981604820921252,0.0012462518353636746,0.02932917094560208,0.29693366117451936,Dendritic_cells,0.00011518550161032096,SI,RPS4XP13
2.91525690888641e-06,0.0017440995211272289,0.24981816106401375,0.15129586292084476,Mast_cells,0.00021786558777252082,NO,EGFLAM
0.005559751015873679,0.016774538370072898,0.544750915817698,0.09438464174830291,Eosinophils,0.0019473386028622504,NO,AP3B2
8.827913987270177e-09,2.8516335499272047e-05,0.42231838014971335,-0.12424830770024128,Mast_cells,1.2293434983719029e-08,NO,C15orf39
1.2100799344589954e-06,1.6581730645926348e-06,0.0005138283742693665,-0.6034352498217023,Mast_cells,0.00013141598341258833,SI,PIK3CD-AS1
0.0322406194956386,0.522846753865618,0.5836154292371333,0.11248627281684244,Basophils,0.0012710709740160646,NO,RAN
0.23938389636846513,0.4292068399011563,0.6731966836225316,-0.07897505614520511,NK_cells,0.004394518967831947,NO,MRPS27
0.00425182366348472,0.07573216045534953,0.5919951755534314,0.07621065965203898,Mast_cells,0.0037944923291556502,NO,NRP2
0.0009094650667291111,0.08951750664619898,0.4903169776145677,0.11794352950810695,NK_cells,4.060775661899705e-07,NO,FOXK2
1.2375037911247286e-08,8.463445435799186e-06,0.0007775658161004505,0.32107251955701854,Mast_cells,2.3043298120897815e-09,SI,CFAP57
2.7515495074118367e-06,6.498998502872792e-05,0.0025608288800193844,-0.5449797326646442,Mast_cells,0.0018333654200614763,SI,RPUSD1
0.23778448523677562,0.5222598882110859,0.9255051983884441,0.015226084710933712,Basophils,0.007358608071160322,NO,SSXP10
0.021399349942419824,0.016175730767819856,0.09222604213143035,0.23334494805952077,T_cells_CD8,0.0048247648156358,NO,LINC00239
8.056582923738034e-07,2.650284075573572e-05,0.06564521391823577,-0.37697660918396436,Mast_cells,0.0003901020104898044,NO,LPAR2
0.0026274993807257735,0.019764295053828807,0.5951860165388008,0.05953673758036234,Mast_cells,0.000254929990849291,NO,TUBB2B
0.5495635765669169,0.7102674631215886,0.01143775956941193,0.22960474722166277,NK_cells,0.0037116283092643,SI,GAPDHP71
0.003659006164917771,0.15258730008555424,0.5363971177384275,-0.04257214646899585,Eosinophils,1.1650508190284276e-05,NO,YAP1
0.9566126436360831,0.6050195993970061,0.9519055330173826,0.0076248826118283574,Platelets,0.16473442441913905,NO,ANKRD46
0.3335602692375612,0.8249686674615325,0.04587813033073736,0.27737152151950656,Mast_cells,0.00012592292762756267,SI,OSBP
0.8834657523808902,0.2375196100742793,0.1694659019539905,-0.15078091735185295,Dendritic_cells,0.020101199407023665,NO,LAMTOR5-AS1
0.0013164824631534597,0.029896492219833735,0.9725210140282234,-0.0030471321409874796,Mast_cells,0.0003098959109488887,NO,ASZ1
0.001607242832535907,0.05777557906213934,0.5753133062800522,0.08335199735803756,NK_cells,6.12307663212203e-07,NO,PXK
0.022508813932636398,0.08160577187975826,0.1122999391770741,0.3136496030850489,NK_cells,0.007883797818019745,NO,RP11-697E2.6
0.905854417708257,0.34437144266581815,0.9751809315686906,-0.008166535694227844,B_cells,0.012939478680389006,NO,CLDN15
0.005064980143216727,0.00791747320350778,0.09874903599105864,-0.34379651591528865,Mast_cells,0.01548879488450517,NO,ILVBL
1.7381572524518513e-09,4.643385959897051e-06,0.0007399567194411053,0.3459415978708707,Mast_cells,1.3326757046352612e-05,SI,LCT
0.008020945102248232,0.03002821345114086,0.18920890057443562,-0.3878952493059327,T_cells_CD4,0.05632746572575154,NO,RP11-20I23.1
0.02747772053632077,0.09438606991275349,0.7145270140019448,-0.058872210472077455,NK_cells,0.0010541257631225501,NO,STAM
0.029207976027076928,0.015700268885673885,0.16870732880174802,-0.23179698011761568,Basophils,0.0016963525427030528,NO,ITFG2
0.011859253763151124,0.10702273710370624,0.8847148308216544,0.025764367252912777,Platelets,0.00015781559813225386,NO,MMD
0.00047909789421685806,0.0001891824043224897,0.012646157234678644,-0.4604479551659119,B_cells,0.0007962467807925064,SI,HEXD
0.5431850886451063,0.6717809991571313,0.9107734582795401,-0.016327765548102717,Platelets,0.04148363369643876,NO,ZNF322
9.310716635384724e-05,0.002702971250726164,0.47838926550970756,0.08168723267765311,Mast_cells,0.0005147205471748593,NO,SPINK5
0.0010086370442701396,0.05240231105310551,0.7204785452287373,-0.04344977999382038,T_cells_Treg,0.0011329235552858818,NO,SLC36A3
0.007500524975017629,0.08563463827868086,0.7252104579433608,0.07660094277192839,T_cells_CD8,0.0002504592919313329,NO,DYNC1LI1
0.0025765629007252935,0.032353399233639585,0.8517222678245582,-0.0176606617544199,Mast_cells,0.00010060902174363833,NO,TMEM225
0.0015012181794132262,0.051031105758402376,0.4020974622075513,0.12937772009856202,Basophils,0.021360518834862965,NO,RP11-1023L17.2
0.004040984411238196,0.025155226518126607,0.8257787247452139,0.02677513337410028,Mast_cells,0.0006109318502893887,NO,GUCA1C
0.5788070358591344,0.5742293493489631,0.8005140884246202,0.0435715735664964,Dendritic_cells,0.001743565665495632,NO,SNTA1
8.223191419198671e-08,5.89181440586404e-06,0.007073111933946389,-0.541707394259103,Mast_cells,4.809958435913059e-06,SI,SDF4
0.15602728853908043,0.2270868876229929,0.616137700531396,0.11383549352276005,T_cells_Treg,4.735675593179231e-05,NO,C9orf85
0.6331958582597229,0.5806196693474566,0.44438025200953263,-0.13003922391495623,T_cells_CD8,0.01849487220878294,NO,PMS2CL
0.11422905833961003,0.3190096635143717,0.20572227127435852,0.1607827191799072,T_cells_CD8,0.05252704796270058,NO,HOXB4
0.30141113442067313,0.16724760974226116,0.07435676504795828,0.26056803258063593,Basophils,0.015839862071395212,NO,FAM217B
1.1153763076150646e-06,0.0014694580554212668,0.28378157922781355,0.10968219543000284,Mast_cells,2.111963085891844e-06,NO,AFM
0.07901571196613068,0.21313426218665,0.4373408817526563,0.14667740669321255,T_cells_CD4,0.009349791302487306,NO,PDE9A
3.940019911793561e-06,3.361451075673508e-05,0.009028681705111355,-0.6436750504758924,Mast_cells,0.004837447603694665,SI,NME3
0.03657196862469861,0.05643599112278744,0.09382518196733929,0.19090518184840496,Dendritic_cells,0.007896626678511135,NO,RP11-686O6.3
0.5692453770298684,0.12522376458520665,0.062291254816436,0.3137871078296206,NK_cells,0.000542131430347041,NO,POLR1B
0.004020151034947544,0.035834670747398906,0.5267951053489466,0.10237245158446077,T_cells_Treg,0.0006412286453917151,NO,CSGALNACT2P2
0.008441854160861807,0.17725697182736697,0.6737970848856641,0.0757454594303743,NK_cells,8.609538277085141e-06,NO,HTATIP2
0.0014324866690195914,0.045298173142832715,0.390728960118268,0.08563354768158452,Mast_cells,2.0451115436631775e-05,NO,ARMCX5
0.021920297362241083,0.3807816562364271,0.3075660543699417,0.2347418062555362,T_cells_CD8,5.567580677386209e-06,NO,RPL21P28
0.005691324328157183,0.0163902043483638,0.21717662414803643,0.20259341422227847,Mast_cells,0.007088241314793954,NO,LYSMD4
3.1673383962283432e-06,0.0010527274730122746,0.0146293545681302,0.28595946003281325,Mast_cells,1.0623681536903153e-05,SI,KALRN
0.028859951894509486,0.029675368652642312,0.04501006389489707,0.2299648516414186,Dendritic_cells,8.629868067033874e-05,SI,RPL13AP7
0.004016588884838752,0.01154713365662077,0.46408388327170064,0.11541849220393317,Eosinophils,0.00015186758593801707,NO,DHX35-DT
0.07418517807684118,0.46880620653989047,0.9008542138404441,-0.014612409223584621,Eosinophils,0.0036000267495530326,NO,TMEM231
0.0078015974016513384,0.0074886830605111025,0.003609709507433043,0.395796749544739,NK_cells,0.00010872969055158481,SI,GPHN
0.8634507931256962,0.32926303857504075,0.001930063582481722,0.44886963840319627,NK_cells,1.4684504779873207e-05,SI,ZNF281
0.020656367614050375,0.18616540180778823,0.5456805500929235,0.08580223978262569,T_cells_CD8,0.0011769601864875395,NO,MIR3913-1
0.19321446289754063,0.1656930830463572,0.08592518510309473,0.20675842175217496,Basophils,0.005608277300447706,NO,C17orf80
0.0025914942061909868,0.042259978522826334,0.17687377357161596,0.18468457290693469,Dendritic_cells,3.7147795300159324e-07,NO,ZNF879
0.00023047730699961335,0.001598555026951945,0.029165594297908454,0.19844365887981694,Mast_cells,6.640773486808267e-06,SI,PCSK9
0.20444941620186155,0.8415229200452274,0.02662805560268051,0.48120849488694056,NK_cells,4.19450286099143e-06,SI,WASHC3
0.11809857424276117,0.0715375736547982,0.19268608795999512,0.15895401744490717,T_cells_CD8,0.012576498807355223,NO,SNAPC1
0.0008212724838480882,0.001565045394660708,0.07542753779628292,-0.2974723694711351,B_cells,0.01109665341151031,NO,TGFA
0.2443718508351222,0.38087386922960853,0.9936886544643535,0.0013055004720312036,Basophils,8.414109958269713e-05,NO,ATF1
0.6137184637326077,0.5717983849135736,0.3937282155439298,-0.17437852569282233,T_cells_Treg,0.00020275800633689868,NO,FBLN7
0.9853878625132051,0.12823272270713473,0.4098015928410235,0.08873702842129796,Eosinophils,0.004788191439664122,NO,MAP3K21
0.0475703539452614,0.05427470581214792,0.6768002855162029,-0.09092061105413846,Mast_cells,0.003087452168048767,NO,DDIT4
0.7369913400356193,0.3209244366002799,0.10860102002265973,0.24070209306722176,NK_cells,0.0008891293849175504,NO,WWP1
0.4484858894072803,0.7530862769589944,0.9888995655242946,-0.00225990853507421,T_cells_CD8,0.13396998427387752,NO,LIMA1
0.4069104219522436,0.4394193152579943,0.0009156830367182605,0.4808674148389884,Platelets,0.00016747395752024822,SI,CLCN3
0.0005582360718937358,0.019696022292184846,0.3311592618711697,0.10660446574226608,Basophils,3.5579171391211274e-05,NO,C4orf51
0.00045201795311423617,0.047177784892958936,0.8781068623647315,-0.011383995143029357,T_cells_Treg,0.00018384952447411245,NO,SLC30A8
0.00042797984717931107,0.001039913449925458,0.12320093256776098,-0.20442981711394828,Eosinophils,0.0004762486065866577,NO,TXLNA
0.0304826847644344,0.034294593001776175,0.6326880208599363,-0.1027095174068322,Mast_cells,0.00016361549614149612,NO,ASB8
0.7814490847633444,0.9977355165394909,0.9851845689436657,0.0038502080373135072,B_cells,0.004276719317024247,NO,AK1
0.3096253733147215,0.7984636507398354,0.319400739866408,0.13322145032292873,T_cells_CD8,0.0028844143616485168,NO,EMC7
0.02706500708490791,0.39297220788109,0.41290606773677657,0.16060374856077791,NK_cells,0.0032872258215049777,NO,CNOT3
0.018853086669062314,0.327051039851859,0.33952741724018815,0.11334599833338285,NK_cells,0.00010131663344027177,NO,PCF11
0.6933347710372586,0.9505963461278732,0.14451689118483077,0.2618241832823001,T_cells_CD8,0.02166904959411507,NO,ZNF350
0.0013932997698755105,0.03308998945857498,0.8178949830864816,0.046255573511033675,Eosinophils,0.008700649520850328,NO,HMGN1P4
0.0657741259574957,0.16327479859670382,0.7723165004327752,0.0328611400792293,Mast_cells,0.003153554941750926,NO,SPDYE20P
0.09571689016467454,0.961857679499516,0.3141239192308784,-0.12527140053324565,Eosinophils,0.008855944200471816,NO,TERF1P7
0.012660801762790346,0.06406505584933028,0.9745747481508098,0.005328512345611443,Eosinophils,0.005845547317760154,NO,HSPE1P5
8.15284995675988e-05,0.014064923395127563,0.622962884257477,0.055416068875086044,T_cells_Treg,0.0011817638556825352,NO,KLHL41
1.0951592390083317e-08,6.462885108446224e-07,0.0009302222823120331,0.28176635262979405,Eosinophils,0.004338706795653333,SI,OR51E1
7.876093692867916e-06,0.004168195383626626,0.8008787467859739,0.07458288340192382,NK_cells,9.326321527479198e-11,NO,IFI30
1.5278764013748342e-06,5.658658687100665e-05,0.004855168623292567,-0.418145516813852,Mast_cells,0.002260265882878718,SI,DIPK2A
0.9448118594962683,0.4308863697183097,0.1953332718575049,0.22923339575824475,Basophils,0.15808374934042022,NO,FAHD1
8.861439174389582e-09,1.0223658371311021e-05,0.00011250329423109622,0.4059781094134897,Mast_cells,2.048595459262059e-06,SI,ZNF578
0.19625266623778367,0.3604088564333547,0.8594576269378266,0.032865745275901984,Mast_cells,0.00023108337302099908,NO,PYGO2
0.02939707612973153,0.05359443508151946,0.18085660689918426,-0.29196242685745344,T_cells_CD8,0.0012287237048360768,NO,SLC25A22
0.6188811421635081,0.9799991278386371,0.027503854853689853,-0.4737353064958651,Mast_cells,1.9185783596730716e-07,SI,CFHR3
0.01386721579284896,0.12963587569378984,0.43162220981385874,0.08450317840298364,Mast_cells,0.1065171980746499,NO,RP11-2E11.6
0.018115001520877933,0.014526386430038072,0.14868025958642705,-0.27227066081180973,Mast_cells,0.013305693553229563,NO,LTBP3
0.011290705424047106,0.17742213028771928,0.8757535378115922,0.015795285910563374,Eosinophils,0.0017921369629715473,NO,SPRY1
0.09798387600850815,0.06777926985478258,0.6128547226531894,0.1105127588274736,Mast_cells,0.008806706303223447,NO,AC138623.1
0.3367327708466737,0.31604574298357374,0.16672861084978274,0.23304851475226673,NK_cells,0.00041314801083149896,NO,TRPV4
0.0020620927267807824,0.038993677247918926,0.6462656692519941,0.04682933179003955,Mast_cells,8.153464773829088e-05,NO,ALPK3
0.08999536764244721,0.10374271840046666,0.4323307758073855,0.09494707556175191,Mast_cells,0.00034962998140750855,NO,TH
0.0169592954861328,0.04330519345345578,0.21625691914214323,0.1637021660686348,T_cells_CD8,0.07585632428997612,NO,ZNF252P-AS1
7.89841213445706e-07,0.0016340250487332849,0.7978131952121982,0.052830461999289084,NK_cells,3.7161673387479595e-12,NO,MAPKAPK3
2.415174146213505e-06,0.00340999699261168,0.05983207040754362,-0.2645096571204792,Basophils,0.03937812251432127,NO,C8orf82
0.24155985820096323,0.1509568494984135,0.06202279317841856,0.3217356784743117,NK_cells,7.409427502923112e-05,NO,STK38L
0.03934367098719106,0.10814275973119007,0.00034586963869755665,0.6656950645039013,Mast_cells,0.0006958326992583699,SI,RN7SL128P
0.008735750750343494,0.041445060038877005,0.6721919299033042,0.042203113301445,T_cells_Treg,0.007954311309465773,NO,SCN4B
0.5454794970841138,0.6553736015404535,0.5779978372492324,-0.09707244695957042,Basophils,0.01282347119451905,NO,OSGEP
0.020268727744426132,0.14378361590438685,0.8297883839648421,0.023294825964367733,Mast_cells,0.000792886518037956,NO,IRX5
0.8949041752211602,0.8048179647763178,0.4723337654882214,-0.12882294179049478,Basophils,0.00015221512066639268,NO,RP11-26J3.4
0.4461901843590138,0.1928039525604225,0.2658974150344304,0.19475016636144174,Basophils,0.00021692443025745067,NO,TMEM38B
0.5528058048412865,0.24576728806740372,0.22507175356005094,0.2019745536974947,T_cells_CD8,0.05657504456835458,NO,FAM118B
0.04223954031992546,0.2501844565684113,0.7245401905489417,0.03875326703079077,Eosinophils,0.00385014270081543,NO,CFAP99
0.015078677885518664,0.24036972717331148,0.8832108493207046,-0.020364634272475077,Mast_cells,0.09364177932605867,NO,ACTBP9
0.1730952320503815,0.08563864852934,0.1637347955878399,0.20935913400301995,T_cells_Treg,0.0370889506796953,NO,STEAP3
3.0336599720879744e-05,0.0006724734128411376,0.15350533345157202,-0.23994134219525323,T_cells_CD8,1.8019080371860244e-05,NO,INTS11
0.00029759778576144157,0.03515196178607282,0.29386407193994457,0.13606646480069026,Mast_cells,0.03332416914176921,NO,CHSY3
0.0008457573971826912,0.0053855415805414576,0.19896907244335446,0.17235047383584612,Mast_cells,0.0001534209770541451,NO,OR4D10
0.16909453321712753,0.5522617347785208,0.6739566352076484,-0.07877659125026913,T_cells_CD8,0.003798249293281266,NO,SMARCE1
0.5579016491272066,0.657833243795174,0.9171822560709739,0.02249004705279807,Basophils,0.004187574945874074,NO,MTAP
0.1455647256706448,0.09325082438817281,0.5250421269766008,-0.23271081972725788,Basophils,0.0013066291614266385,NO,SNORA17A
0.02000061772694225,0.26831746462269807,0.7464389375174352,0.027702667704283326,Mast_cells,0.00059753655492875,NO,RP11-114H7.2
0.014425449867016526,0.2924678711267864,0.4567064968782056,0.18980163961266977,T_cells_CD8,0.0045417775547955605,NO,NENF
1.5753674635378157e-06,0.00034551319695661696,0.39580875057217535,-0.11717107903114092,NK_cells,1.418944439926938e-06,NO,SEPHS2
2.589905039330532e-06,0.0009801460799518308,0.03800186573821682,0.29533041332237175,Mast_cells,6.939752349271086e-05,SI,RP11-114H24.2
0.023709856342141684,0.13162432103900834,0.997497863285095,-0.0008441782349476195,Basophils,4.884301986615974e-05,NO,BCL2A1
0.046586586797667785,0.2970211432813887,0.8009182555104268,-0.04979417769231114,Basophils,0.009144845712447123,NO,COMMD4
0.014761410733219448,0.09933883033553934,0.4041019879153997,0.16309813893707778,Mast_cells,2.6419870978101843e-09,NO,RPL13A
0.746268121281292,0.30481025707759424,0.8888067742739567,0.022602880116130545,T_cells_Treg,0.016914614704150326,NO,RP11-103J8.1
0.07294569045257983,0.10706869069686945,0.22661113949427775,0.16727890852129884,NK_cells,0.0013113087413343524,NO,NIT2
0.01438827933181651,0.22069519214251435,0.4927333179552036,0.1131406429976817,NK_cells,3.265720390621605e-05,NO,VPS26C
0.1291413745650529,0.07944251552551705,0.18604697438238715,0.21092965471822278,T_cells_CD8,0.0015623199639082674,NO,POLR1F
0.007876307178768388,0.023067755441301303,0.37107795124196413,0.11363372080974031,T_cells_Treg,0.005969654059250746,NO,SLC2A7
0.07524004551635104,0.1338128287873085,0.02883863442295669,0.40180143411256086,Eosinophils,0.027550635131419365,SI,RP5-966M1.6
0.010597537638346805,0.21652880239305888,0.3447337960670853,0.1887125162115309,NK_cells,9.554485546682908e-10,NO,DAP3
0.03057080165594034,0.01628338907642081,0.06952238322174903,-0.42528300729204316,Mast_cells,0.03734221428627787,NO,THTPA
1.613884521791166e-05,9.52875542256272e-05,0.009626534653796304,0.2709379616799151,Mast_cells,0.0039422967593285615,SI,CNTFR
0.21957805603201316,0.952152794459374,0.3823867936852149,0.1727907329872184,Mast_cells,0.008466664063112934,NO,SLC25A43
0.03718216003276709,0.005352783190003347,0.008037655986919644,0.6455489700563702,Basophils,0.001129373660008368,SI,SNORD12
0.109651654340966,0.5912959194165998,0.4440017202512974,0.15105353766848398,NK_cells,0.0066318414521761996,NO,FAM168A
0.03827975153589914,0.08111270540351094,0.05768452794330943,0.6992518134689492,Platelets,0.027739008191794153,NO,RNA5SP352
0.4635006873468064,0.18879575548146604,0.7198815085420063,-0.05363552301051423,Neutrophils,2.449016717975144e-06,NO,PPL
0.0011584941832711588,0.02620765926656383,0.9153260561999123,0.014385595295066136,Mast_cells,1.4160048526268623e-07,NO,TNFAIP3
0.001117131337869886,0.008451768539902427,0.5270384517238509,0.059843886174500975,T_cells_Treg,0.0032625559919417647,NO,OR4D9
0.0108590573331327,0.39985294175790587,0.12103820021742517,0.3430539095419835,NK_cells,1.6901010840580006e-08,NO,MS4A7
1.764073107362265e-05,0.0006503587732388528,0.17956561377645977,0.11689059835410852,Mast_cells,6.604801563739286e-06,NO,TRIM64B
0.031131009744044646,0.00386675893198484,0.012797612161389308,-0.4276722027086135,T_cells_Treg,0.016937268334972822,SI,SRPK3
0.0005739119512927952,0.03135513475023959,0.597824070432071,-0.14153518620873426,T_cells_CD4,0.0033861670255316014,NO,OVCA2
0.029246171119858454,0.4743799158463251,0.6881511306773139,0.08060907306518617,Basophils,0.001024017923326026,NO,TM6SF1
0.0006251095095648226,0.021723381267748643,0.5214935628420341,0.0495887342093454,Mast_cells,1.841560415697049e-05,NO,LINC01205
0.707655489839787,0.9248471615679835,0.7603725957166044,-0.06815690366639804,T_cells_CD8,0.0036053574925806312,NO,MTFP1
0.007477298140078594,0.1288519666787775,0.9412303204442366,-0.00780210985606623,Mast_cells,0.0006604455506576669,NO,CA7
0.00015201902549865823,0.0014641238121207046,0.44775797107955123,0.1298401971431447,T_cells_Treg,0.00015329178072992887,NO,OR4K11P
0.03598667632756363,0.17609113843993152,0.1582138195010802,0.25604825797395275,Basophils,0.013634575312271413,NO,ANKRD23
0.226999714761441,0.37587478829282717,0.40783294136831516,-0.11994601199916462,Mast_cells,0.0002631544081406319,NO,ESR1
9.511351837432366e-07,0.0002939603521773158,0.04880381511223589,0.20298215599495226,Eosinophils,0.0010233542604583905,SI,PKD2L1
3.001100468935276e-05,0.004200587122080048,0.11046342661317993,0.20380799078367445,Mast_cells,0.0063606908658328295,NO,NID2
0.41169821585563077,0.8879991913318666,0.005037085117141326,0.42238866119984586,NK_cells,8.185680118349038e-06,SI,ELMO1
0.006564079349419154,0.04363119521320416,0.29928757470273915,0.1304915020687161,Mast_cells,0.007983182190814076,NO,MMADHCP2
0.22087205140092744,0.08779756210143438,0.02583093278294672,0.33672314906986994,Basophils,6.414606433172032e-05,SI,ANTXR2
0.034974276445836026,0.0759662948110849,0.9706012602198598,0.005452350441624078,Mast_cells,0.0011762042366900152,NO,PRR23B
1.9012731073783007e-09,4.5153631875544186e-07,0.0016011909610008075,0.3857667041130962,Mast_cells,9.087377549813188e-06,SI,SUGCT
0.23999053094295336,0.5816768192707065,0.6595380510533408,-0.06931046408863525,Mast_cells,0.002019531824179132,NO,JPH3
0.000649625465214661,0.0074534918742341725,0.18865262700911087,0.1760044585232408,Dendritic_cells,0.002758718756335523,NO,HTR3A
1.2729685603514425e-06,1.4525465221809481e-05,0.0016928987971372024,0.28797792917036286,Eosinophils,0.00013670615278935032,SI,TUBB8P7
0.7157380077680221,0.22516966343498382,0.005191577739966432,0.47886983915292713,T_cells_CD8,2.2993636694525463e-07,SI,NPRL2
0.37963859436558167,0.6340075973569667,0.5887473678249853,-0.11813603213579912,Basophils,0.01760409845217683,NO,TRGV3
7.449066576846637e-07,0.0001164460202121797,0.014291482976947965,0.2611336538912986,Eosinophils,3.0465302291244603e-06,SI,SCGN
0.1342843022780165,0.1600027738693419,0.9322873159147943,-0.009664758198662896,Eosinophils,0.03694145921098213,NO,P2RX2
0.0020770356193422295,0.054327121890958216,0.8534146439703831,-0.01841580783116438,Mast_cells,0.00011356991023949642,NO,SLIT3
0.17727651525640287,0.3864136443557867,0.15663967152227296,-0.17156372177479784,B_cells,0.11845679132957886,NO,LINC00092
0.7638880134086294,0.5030707962172355,0.06591201711225719,0.22851154656374267,NK_cells,0.0005344162888274772,NO,ARFIP1
0.24033093839259975,0.7477845798745897,0.5630622633329883,0.08382167758779996,Eosinophils,0.03821584988627456,NO,RP11-1212A22.9
0.13673730800184217,0.4258323630144146,0.4059297467632196,-0.07822742874537023,Mast_cells,0.003936992414585357,NO,MIR4500HG
0.6083439037108498,0.33576612968329334,0.8632079129368698,0.01829249548556909,Eosinophils,0.05490385156570528,NO,FAM151B
0.00083034349310793,0.1078366848483457,0.2679036973049117,0.11721014511078698,Basophils,0.003955430651230375,NO,SBK3
1.6302596747468386e-06,0.000811048030037249,0.1544666416236784,0.21070508002694896,Mast_cells,0.0003025917960042984,NO,AGMO
0.07546743271322426,0.13439349514915816,0.13037210477290073,0.22556740002570078,NK_cells,0.003691097046169257,NO,NR3C2
0.04274454308153962,0.05071478371207853,0.0386669458731207,0.30515758357008166,T_cells_CD4,0.0015999038992525493,SI,IGLV10-54
0.8887860548183351,0.6871011828163454,0.4213179422669897,-0.20968808930085353,Mast_cells,6.902510962045577e-06,NO,SNORA79
0.0012599230797388009,0.002719059108004528,0.21731023791724693,0.22686862648146502,Mast_cells,0.004731659147314253,NO,PPIAP7
0.02500930443441108,0.030120427036133303,0.01580889284284079,0.847750295649806,Dendritic_cells,0.018821590206734375,SI,SNORA36A
0.015915490863091363,0.08617047564050917,0.936886483372756,0.009984610537225005,Basophils,5.513037359580027e-05,NO,LIPM
3.525177090214773e-05,0.0054404488804459215,0.3939577664664037,0.12828351005624555,T_cells_Treg,0.00034509221794871964,NO,PRPF40B
0.13514918148434918,0.22432538861893153,0.5389990358214963,0.11226856277197801,T_cells_CD8,0.0024273994342990293,NO,SLC48A1
0.023796208471915513,0.031036659427420343,0.5063403979746828,-0.1351971621123445,Mast_cells,0.014782243917476495,NO,RRP7A
0.0023101301667593824,0.018963223635452275,0.7694315473114904,-0.05069359425034049,Mast_cells,0.0003466702078086179,NO,ATE1
0.04115098436247199,0.26620009385041327,0.7886697274545453,0.03867384560771244,T_cells_CD8,0.0009370843058860384,NO,ACOT9
9.487321979069382e-07,0.00034088607351195384,0.08347417999937992,0.2184572428820851,Eosinophils,0.004552359739254172,NO,SCG2
0.7807346838377154,0.830039557504821,0.38394741282724876,-0.1043653370232842,Eosinophils,0.07458251105872955,NO,RN7SL521P
0.009521393773895529,0.05681626763273455,0.8255895501256405,-0.013070176272923877,B_cells,0.006529070117526057,NO,SSPN
0.07286565129355815,0.6113100317827584,0.12192000625193224,0.2663462705829888,T_cells_CD4,0.0011280436439965837,NO,TNFSF13B
0.0676051169294932,0.09567029011800351,0.6720376639863044,0.0555767690651664,Eosinophils,0.013333970516671016,NO,RPL21P37
0.000371283026501465,0.038380898212514405,0.6140674753156559,-0.08590536758931162,NK_cells,0.020729234734255312,NO,DNAL4
3.7259561857980526e-06,0.0005335159503215745,0.2084371297183394,0.1430831465861727,T_cells_Treg,5.2332048043058904e-05,NO,REP15
2.518572849365112e-05,0.00039755934465188024,0.14129483911654592,0.11480313062520628,Mast_cells,0.0006489454414592229,NO,EXPH5
0.002899853762567805,0.004807471394026873,0.18227725287236615,0.1270656870728647,Mast_cells,0.029859182238070853,NO,BTBD7P1
2.3604417211964315e-06,0.0011156394074010028,0.28710771701426824,0.16303438021725572,Mast_cells,7.333780095722898e-07,NO,TRDN
0.0024721395246759454,0.08218763230270057,0.47668684132761113,0.08048937634853894,Mast_cells,0.11184057938883703,NO,CHRM1
0.012936965271512854,0.06885771586943526,0.4905586733330641,0.0971921712849254,Basophils,0.009542409647554586,NO,ITLN1
1.0190997343425722e-05,0.0007430420179117143,0.8600486321923885,0.03443834941375033,Mast_cells,3.482266353479215e-07,NO,CSF2RB
0.4366609418188842,0.11575213085119093,0.3032176948931359,0.15490510215261735,Eosinophils,0.005736884102162698,NO,RIOX2
0.029448161137402576,0.4908517575839039,0.7558201455777331,0.048816520068721406,NK_cells,0.11180740441348715,NO,BET1P1
0.12581234957584117,0.08687236448800191,0.6643627891475006,0.06008917857063406,Basophils,0.0024371248442430567,NO,RP11-5A11.2
0.6947387187701921,0.4591552981355993,0.6391657580394111,-0.0699797887420631,Basophils,0.000622074447589228,NO,RPAIN
0.0001107523656528786,0.007553720196345394,0.47471638433590446,0.14273457349401966,NK_cells,3.773937437494201e-07,NO,YPEL3
0.19300597658513005,0.9737947406464615,0.9347385073947855,-0.014679814960374677,Mast_cells,0.1861293819424857,NO,RNA5SP448
0.5661869573385501,0.637571928612553,0.5532770724098819,0.18025335211714527,Basophils,0.006759736189601893,NO,ENSG10010134141.1
0.00017554704300002346,0.007553587968768606,0.659477747986867,0.03582825173312036,Eosinophils,0.00017614167236399526,NO,PRRG1
0.6890671566511564,0.201716568017895,0.22904116963203902,-0.19284788079738094,B_cells,0.000926738417685998,NO,AEBP1
0.4966178482295267,0.08420325664536929,0.26641707744501064,0.2683006395998351,Basophils,0.003091926487162289,NO,NHP2
0.05216805264115425,0.059338210149977824,0.5360689324835206,0.09004336151882406,Mast_cells,0.0002569069903888559,NO,OR4C4P
0.0011077704144491845,0.019918312926954194,0.9338692987278151,-0.01409496868466414,Mast_cells,4.0574543463199615e-06,NO,CYTH1
0.8852027301252513,0.6947980713430704,0.47864487106911935,0.11472427931772994,T_cells_Treg,0.021357956211231956,NO,MAP4K5
0.03208993155708346,0.035448782243871255,0.00913754977459022,0.9792371519614249,Dendritic_cells,0.040228185441277924,SI,SNORA60
0.011305456698804546,0.04761846274483745,0.17041304252136932,0.11124322428335627,Eosinophils,0.05138417993557629,NO,HAUS1P1
0.4554735981997884,0.7509137996650597,0.9425737438778392,0.011376214045252618,Basophils,0.0013961869769637952,NO,FAM104A
0.1420059510503241,0.8457996298442805,0.3073342647470132,-0.15524712338515462,Eosinophils,0.002848126269437347,NO,SDHAF4
2.575738019607918e-07,0.0015841856542501067,0.16973644706708668,-0.22139520828340203,Mast_cells,1.6688897062767077e-05,NO,MXD4
0.017995299829952287,0.03145625051459754,0.3523779356939326,0.15215800720841322,Eosinophils,0.00015655307731177734,NO,ZNF571
0.04465393620150529,0.15163937314763626,0.3126115631700157,-0.12210317783966243,Mast_cells,0.030536582005139826,NO,DGCR11
0.7689938168252891,0.6445088495278882,0.772608740308449,0.022831421680015604,T_cells_Treg,0.11555357609764179,NO,GHRLOS
2.776488068186867e-06,0.0006222185290342107,0.2019354214113118,0.15028887578078942,Mast_cells,3.147946673732792e-05,NO,LRIG3
0.14473336915520937,0.7661158972393745,0.5990857358996559,0.09685929966666669,T_cells_CD8,2.7379897493593756e-05,NO,RPP30
0.00048717119086156966,0.0068619468368866276,0.2341794126254341,0.17531300915338133,Mast_cells,0.0006887119626213168,NO,SLC34A1
0.6682105589439972,0.993733964416875,0.3191410888202788,0.19968835842601565,Eosinophils,0.04561525601774141,NO,CPSF4
0.18193254677997475,0.4174893024765214,0.25950149655865884,-0.18442358802586042,Mast_cells,5.919674976608922e-06,NO,OR4F13P
0.09326303888430636,0.30639601642559483,0.6414017040136037,0.1084569647087631,T_cells_CD4,0.021083111098604956,NO,TXN2
0.43390914683305015,0.40044572704070946,0.8251877170518169,0.022011078390897935,Mast_cells,0.001210077188018758,NO,GJB6
0.026081707803833173,0.06910654464284692,0.7069523042758427,0.02549339140989489,Basophils,0.021427639264900517,NO,PRDM6
0.7529789123015814,0.43958379938026426,0.6359984165118384,0.07503145253474,Mast_cells,0.0273226258025963,NO,MAPRE3
0.00021525721127089984,0.0022255914562362704,0.062112484130622744,0.14750053990675327,Mast_cells,0.007798232188846941,NO,WFDC3
0.003244019011975545,0.016603532232818522,0.2956916636035842,0.06522060371212904,T_cells_Treg,0.07083721203408648,NO,RP11-556N21.1
0.048526259774576856,0.11994637856779239,0.626181678172277,-0.08838105740240368,T_cells_CD4,0.01584558769133762,NO,WDR59
0.6375892324889765,0.6266987716670303,0.2668200217597982,0.20844139147720633,T_cells_CD8,0.00015701755394506174,NO,FAM172A
0.002822085149198151,0.005416264708640867,0.0023742049333447994,-0.41646674153564334,NK_cells,0.009650891418261486,SI,GZF1
0.22043408737519204,0.539205608598649,0.3034749464701004,-0.14240645350817582,Basophils,0.005063192819093173,NO,MRGBP
1.3717694658006128e-05,0.0024593401929053986,0.4317637485167194,0.06625625296192961,Eosinophils,0.00030151771870584165,NO,CLHC1
0.287320931435529,0.02015921691284968,0.00017260290887505993,0.48050867135821806,NK_cells,1.7166245992507285e-06,SI,DDX60
0.7334648197958973,0.9179024665421028,0.5085971857682635,-0.10936597041128315,Mast_cells,0.046409209341152884,NO,SEPTIN8
1.0228941517299301e-05,0.0005950886484787109,0.47013791377446545,-0.10294221907157797,Mast_cells,4.380713575816469e-06,NO,ULK1
0.0008767627146684911,0.02299613969230081,0.7285118950315902,0.033627113843470974,Eosinophils,0.003935928237374389,NO,DRD3
3.066365328305186e-05,0.03887294886915906,0.9524834436405627,-0.00880781277617383,Mast_cells,7.837008303317061e-05,NO,FAM9A
0.049055769059954187,0.257614850608675,0.28313431158291713,0.1774287100088404,Mast_cells,2.1433340720954919e-07,NO,CYFIP2
0.7958641878616234,0.8871883109936807,0.38076655776640794,-0.14353044856147532,B_cells,0.001990495351497787,NO,LAMA5
0.009057322106168999,0.1202733917595385,0.16246256993768068,0.2415699933191377,NK_cells,1.1455434269013946e-05,NO,INPP5K
0.0007106756228671327,0.018733160496944797,0.45878120972255226,0.09579803269397281,Mast_cells,0.024408276875404505,NO,HNRNPH1P3
0.520825980383867,0.3369246857692133,0.27009415773276907,0.22446490899585556,T_cells_CD8,0.00012567966699904127,NO,RPL29P11
0.008669768925078584,0.1598048951851798,0.900296779979915,-0.006047121888687775,Mast_cells,0.0012478791795567392,NO,FAM169B
0.0013034560056473985,0.018737164747787385,0.29435945486067533,0.13127262278105575,Mast_cells,2.5693855275342207e-06,NO,SMCO2
0.7336465864699901,0.9366029023911754,0.950543697510889,0.006875736834694482,T_cells_CD4,0.009123527272448683,NO,ARMCX3
0.0032935551475331087,0.05178780512734766,0.30801886033045367,0.09147701974660298,Mast_cells,0.0009569683857675378,NO,DACT3
1.9137294396224982e-07,4.659359120809553e-06,0.003746803094108746,-0.5534309853341286,Mast_cells,0.00029462286481474957,SI,LRCH4
0.16668078597243347,0.023829251215849997,0.011517919164571407,0.4403734223370368,T_cells_CD8,0.08219277356782687,SI,RP11-244J10.1
0.07103353061210427,0.179018880613623,0.2869440990695464,-0.18772448768549402,T_cells_CD8,0.00022352973089633812,NO,PPP2R2A
1.5166820829062123e-07,2.54690214119079e-05,0.011410221002610146,0.3536459969096283,Mast_cells,0.0001451922069413449,SI,ZNF812P
2.4710049759652797e-06,0.00033867824853030015,0.23733598080602905,0.07900109960918629,Mast_cells,9.047351384061354e-06,NO,ANKRD20A21P
0.006900856269579667,0.10577036819532445,0.47370460327231373,0.09099528857341305,Mast_cells,0.0009465068904865358,NO,EPN3
0.1378626904350276,0.04332039940890817,0.29300575323973804,0.19999234621369633,Mast_cells,0.018114427129117837,NO,SUMO1P3
5.157309982695241e-06,0.00010416340954340364,0.010878821680670525,0.15680508392676662,Mast_cells,0.00017904127250252034,SI,SDAD1P1
0.014228348975297166,0.24895954672196363,0.9754347164647839,0.0054223517347870565,Mast_cells,3.747421984650187e-05,NO,SNF8
0.04950732798413995,0.03216349061629545,0.17188395671416054,0.17706459077439604,Mast_cells,0.256506623274561,NO,PTPRT
0.0001087843056497597,0.00018493400596924286,0.011606585666699771,0.15470391204379305,T_cells_Treg,0.05659540912514389,SI,C18orf54
0.02183267090117649,0.11692705028747881,0.7636934214058217,-0.0672892642248255,Dendritic_cells,0.000439385726358046,NO,SLC35E2A
1.5796833319087355e-07,8.807660749341065e-05,0.0159054349024204,0.3030577190349085,Mast_cells,0.002371780170285025,SI,FAM71B
0.12097026527813591,0.30954263234611584,0.7295186528619257,-0.05934538298999139,Eosinophils,0.027798590178879236,NO,TCF7L1
0.025660595434958675,0.15941808748970318,0.481563522334013,-0.1253339097399484,Basophils,0.013401844604895135,NO,ENTPD6
0.0003315195005416091,0.018883896703228115,0.3966192316077046,-0.14325590398668514,Eosinophils,0.00021263966307924788,NO,KCNC3
0.013298775322369855,0.033354138751640214,0.18186939700617,0.2211150319632039,Eosinophils,0.38868853679889565,NO,SLC38A6
0.09219635643267945,0.1804295667529814,0.35883951533008845,0.1265235895553527,Dendritic_cells,1.681795112619283e-08,NO,SPDYE2
1.283639442071732e-06,0.0025758954236638557,0.04326563339868055,0.2774140805590573,T_cells_Treg,0.006199688626100726,SI,SLC25A14P1
0.004638229579093274,0.03469199476002904,0.6461643690371661,0.06544442916751204,Mast_cells,0.014860466724219784,NO,CCDC146
0.08974780232061251,0.047765879805190606,0.009881838148831762,0.581842780249091,Dendritic_cells,4.862990790549989e-07,SI,TPT1P9
3.247549452515703e-05,0.0033876121515988658,0.33348044720644654,0.13956414147176874,Eosinophils,0.006782437756267891,NO,KRT7
3.1457451618524024e-07,6.5308234416716785e-06,0.001362641237432109,0.4807077149330169,T_cells_CD4,0.0010090564594206213,SI,MRGPRX4
0.13524344659666246,0.11800782374578447,0.16945522413361624,-0.2555365933979565,T_cells_CD8,0.010018307601271502,NO,PRPSAP1
9.09234486272957e-05,0.0018172675915802531,0.12040321279495747,0.26762746612346444,Eosinophils,0.0006868618804964929,NO,RPL9P18
0.0082122568632963,0.26128692443079915,0.13277570030541147,0.28010894462949415,NK_cells,5.209911674258951e-07,NO,PIP4P2
0.33129487455010737,0.43915251820478085,0.0634059525493734,0.2694616271963383,NK_cells,0.00010350521532170677,NO,CIPC
0.002403887959151887,0.04558820412326871,0.578171194262567,0.0668271284515608,T_cells_Treg,0.06321385556778224,NO,ALG1L9P
0.0071568544937818755,0.007475236904560251,0.129690079766233,-0.2181389250437056,Mast_cells,0.0032907201589491074,NO,DHX37
0.6789165339366678,0.6375995633419337,0.9936512991334293,0.0013800337852325332,T_cells_CD8,0.00014464800896659644,NO,ZNF585B
0.000348636369880657,0.023399508897239157,0.521867955763265,0.1405922211489317,NK_cells,8.383355944996645e-06,NO,HPCAL1
0.0024681664896569993,0.008235271159000622,0.30628869737594305,0.15060009602896596,Mast_cells,0.0013077069787823053,NO,TDRD10
0.8240862365779043,0.7516912441935967,0.5275786824258889,0.11825275329255738,Platelets,0.0145767273787006,NO,SCARF2
0.010636912571757374,0.1332580521027443,0.7543009769469613,0.06037461593160686,Mast_cells,0.0005248746133655962,NO,PPP2R5C
0.0008995857184807111,0.008722552144509189,0.027770247352774783,0.3679181039423029,Dendritic_cells,1.618365531837917e-06,SI,EEF1A1P19
0.0036086421575226395,0.12174324682741275,0.08522879765659473,0.2996997599162041,NK_cells,4.354253416113666e-08,NO,AGO4
0.5848889100964078,0.6945458425887056,0.13689323478068402,-0.13353701824420147,Neutrophils,0.015268296111216915,NO,DRAXIN
0.04181843146330197,0.47157104495721086,0.14970333491817864,0.22626899917424634,NK_cells,1.9103712001170016e-06,NO,KPNA4
0.026554031366516833,0.10525612295212887,0.5073828410046097,0.0956797720741559,Eosinophils,0.013589372125468756,NO,PRUNE2
9.290981902143501e-05,0.004055001259480041,0.3993991660872403,0.07983493237821987,Mast_cells,0.0009607050512840539,NO,ZNF781
0.27977848195431876,0.17846666113134513,0.015616258251952866,0.44965366704990517,Basophils,0.003968881206971048,SI,RTCB
0.09956170008388103,0.6691520701445501,0.774101640271382,-0.04779974084721331,T_cells_CD8,0.0077857749632014965,NO,NOL7
0.1106915741963605,0.099937101022902,0.41463787120598644,0.09501762367141828,T_cells_Treg,0.013963953975281914,NO,GPR180
6.464026520290691e-06,0.0006654198379760682,0.03003208857208336,0.24792438725242347,Eosinophils,0.0025869578374108143,SI,CDADC1
0.41299450052020775,0.07771269808888276,0.20570545106688148,0.1998405996115645,T_cells_CD8,0.000580906818652362,NO,RIOK1
4.924491786558042e-05,0.016148711523721312,0.19251320482371265,0.19888728424216878,Basophils,0.0007524496269528012,NO,GPLD1
0.18669355922278638,0.7290451337592272,0.06342731785860445,0.4152638927063414,T_cells_CD8,0.00017616559779295968,NO,MRPL52
0.0033873803799668273,0.004489478161275659,0.18407691736204762,-0.2645031744608717,Mast_cells,0.032047074277500115,NO,NUMBL
0.002766301076515001,0.009971384130277965,0.37154279625765635,0.07898257237850773,Basophils,0.00047746364030082367,NO,SLC35F2
0.00044110951610654224,0.0044507994910919805,0.20944253261582996,-0.25555316004162004,Mast_cells,1.6324937320785056e-05,NO,FOXN3
0.005788475519290388,0.03295590457915926,0.8488549732902061,-0.04017744635508679,Mast_cells,8.531632740135013e-06,NO,NAAA
0.009829472544546539,0.12859011963590308,0.4158100012473143,-0.11730457039417284,Mast_cells,0.0022108267102712324,NO,RSPH10B
0.09165967967674103,0.09309083066852518,0.07442824000468223,-0.37031926317220404,Dendritic_cells,0.001206925992429817,NO,WASH9P
0.501597282256627,0.12920863729500465,0.27211389442818545,0.19458288506345317,Platelets,0.009733551030374826,NO,HOMER2
0.00676660985365889,0.003984646838319679,0.38373065550849506,0.13497207058802846,T_cells_Treg,0.0001316254617521493,NO,WI2-1896O14.1
0.0025326449025672958,0.06619890279359161,0.9716717334168798,-0.006354389648499536,Basophils,0.0003060190474726683,NO,C11orf24
0.28474263071198247,0.906036826643138,0.875269076267164,0.032373442264893214,Basophils,4.7444869301590796e-05,NO,TXK
2.601544919404358e-07,0.00011924930321955155,0.023205854577888204,0.274199590806328,Basophils,0.002073958960304341,SI,LMCD1
0.8768147647242651,0.6177965705301557,0.5595764191731418,-0.058975046186910005,T_cells_CD8,0.011942249527200468,NO,TWSG1
1.4249107814826488e-06,3.2266103998764935e-05,0.050266217033034126,0.16788916417890248,T_cells_Treg,0.00018346991927164875,NO,PNLIPRP3
0.011591104065012767,0.01834717140734848,0.23801759680137388,0.17643170745516792,T_cells_Treg,0.08261199607440675,NO,UBE2D3P2
0.08221192916140882,0.34015005011920957,0.9759318912783854,0.005498707580131213,NK_cells,0.08030087659230299,NO,RP5-1090P18.1
0.08520693207951158,0.08178580373559667,0.9595294009420026,-0.005657525882645514,Mast_cells,0.0025593680033825805,NO,OR4A1P
9.620144916351703e-06,0.0003581960621613336,0.052443522361574506,-0.32668835675277874,Mast_cells,1.7058185599907122e-05,NO,MIB2
0.00017139658229574695,1.057431497229725e-06,0.0001469026412551669,-0.6869878398885998,B_cells,0.057194048197656056,SI,MIR941-5
0.002827786804325682,0.130054938476346,0.16211042655852165,0.22962073970668614,NK_cells,1.1380699619567694e-07,NO,SEC61A1
0.8399917343802412,0.8543796584439508,0.8814320694628953,-0.02371928109365352,T_cells_CD8,0.014847163121900715,NO,ENDOV
0.17480119454156376,0.5060413263718998,0.5153974259167444,0.09685035028290541,NK_cells,0.008370383169087172,NO,ERCC2
0.608820583273681,0.38576989414005236,0.009643202024399822,-0.623700044186322,Mast_cells,3.5874238892869166e-05,SI,OR4A19P
0.039222500466346996,0.09956176286135056,0.46728584166090104,0.12449581145847416,NK_cells,7.0192420813535915e-06,NO,RBM14
7.89709200954285e-05,0.08336353301050871,0.8182957827077356,0.05408396314326662,Mast_cells,1.6642961921539226e-07,NO,TMEM258
0.6787348703283154,0.8871684910096229,0.8226020695466141,0.016804879871176008,T_cells_CD8,0.038589872435978535,NO,STX18-AS1
0.010768416376748045,0.4491826927508758,0.33677742066477473,0.19189050270084285,T_cells_CD8,0.0007212622599316142,NO,UBE2E3
0.875584781289567,0.570249602717315,0.4368171786649889,0.24774357224718832,Mast_cells,4.1042180213395094e-05,NO,RNU1-28P
0.0005559953751149459,0.05501134500422075,0.6487637409241841,0.09902987185291591,Mast_cells,0.0024459419955809017,NO,LTF
0.00047874155980696557,0.00390882797582607,0.09735705478959472,0.31654257050206,Mast_cells,0.0014065960102874326,NO,PPIAP4
1.6315470800427994e-06,0.0039619160767440445,0.12521673447369078,0.12293921506176089,Mast_cells,0.04994293579342852,NO,VTCN1
0.009525937920980856,0.13497511679797083,0.19106248593011477,0.1802530463555962,NK_cells,4.70648632687361e-07,NO,KIDINS220
1.241760251412067e-05,0.0007553762612850273,0.4784187161227054,-0.11795412224910766,Mast_cells,6.649597879712626e-09,NO,CCM2
0.05562846504581597,0.022820832105506766,0.055238598405308884,0.2922149351173904,T_cells_Treg,0.08006207686596781,NO,GTF2H3
1.0796448926759996e-06,0.0002073025513337707,0.4329065252633111,-0.15478138112604609,Eosinophils,5.068331912953321e-10,NO,PLXNB2
0.0014019871214396415,0.06480667446968996,0.42720557388748154,0.15186497294188434,NK_cells,1.3290922003598256e-10,NO,TBL1X
0.011614606480850522,0.04312258755742899,0.7548698088052189,-0.06923103577884812,T_cells_CD8,0.015686735763890323,NO,ELK3
0.012427194593595925,0.08476838909175385,0.374533424915591,-0.1938472569918271,Basophils,0.0007001873807606328,NO,RPIA
0.470029714911951,0.5598775615766955,0.9642944497346891,-0.006555619697402288,T_cells_Treg,0.01450662240167341,NO,TOMM34
0.1614036998254513,0.4464689058433899,0.8935201030157679,0.01956302415919803,T_cells_CD8,0.040148473116809295,NO,SLC25A16
0.11208431347085897,0.08806664769073044,0.483193236427209,0.0601957873842429,T_cells_Treg,0.12260775679305759,NO,A2M-AS1
0.0005550623246615505,0.06627854665612408,0.9839899443970644,-0.0017899875986967378,Mast_cells,9.407341357438399e-05,NO,SLC6A14P1
0.4166739367282886,0.5048896591988203,0.7525832718647433,-0.07123159536077416,Basophils,0.00015512714471237383,NO,COPS7A
0.014968124466260741,0.0188306250669378,0.757747514563622,-0.08079713275860949,Eosinophils,0.03858090675702885,NO,IDS
0.19360373522582358,0.737511424025131,0.05137866683606221,0.3324458842122712,NK_cells,7.461319811847113e-07,NO,NUP58
2.1197696594555286e-06,0.006472301895590241,0.1694768774322369,-0.25871124952624824,Mast_cells,0.0016617915724609056,NO,POLR1G
0.2635203395507083,0.533047866020146,0.45067563825894996,0.25818668746476436,Eosinophils,0.024922805168855366,NO,IGLV2-14
0.0015421289035093793,0.028434335142783585,0.04191510311651644,0.15774080711427935,Platelets,0.0012102974641864904,SI,SHROOM4
0.0015043832407801855,0.041309375979206774,0.2602820616473913,0.10976759875737138,Mast_cells,0.01639670617508584,NO,RSPO4
0.0010785502128396972,0.0064463859594715775,0.20919624991159055,0.0765038775073698,Eosinophils,0.0009773534111297015,NO,TLCD4
0.00026988982264213187,0.0011283786419010657,0.32541017632025493,0.07976868155852025,Mast_cells,6.915298726080356e-05,NO,RP11-329A14.1
0.0014628588600859107,0.0018168890437570136,0.06533324620018739,0.19330272787725356,Eosinophils,0.007939569771253582,NO,MAP2K4P1
5.080712404623487e-07,0.0003601965210306039,0.020501360858255036,0.23153744668630866,Eosinophils,0.0014995289756043956,SI,TMEM59L
0.014931765332068015,0.7518411131192957,0.1929912994681915,-0.11428340457553081,Mast_cells,1.8129984286278813e-07,NO,SMAD9
0.04104309896580002,0.160737961775713,0.8563912581768716,0.027170399129172317,Mast_cells,0.004149249526109863,NO,CENPH
1.1732534214952265e-05,0.007411723690427708,0.3387267952585628,0.1589408795053793,NK_cells,7.890762856749112e-14,NO,PCBP2
0.13207277836811981,0.14095119289257704,0.6181913514183223,0.03922388339872439,Mast_cells,0.2266797314102467,NO,RP11-226E21.4
0.0031963792594644257,0.03728356435062359,0.30649591844541085,0.14689180011900949,Mast_cells,2.0393616195203444e-07,NO,SNRNP200
0.15063223401010176,0.8878752655114565,0.7979805428216358,0.035912277442807526,NK_cells,0.06325374175263786,NO,ATP6V1C2
0.009013677649019875,0.01982483893065948,0.32361498341585215,0.10881378451619605,Eosinophils,0.0002573197327777353,NO,TEKT2
0.0007198910228108437,0.004581994617744807,0.48091982264627775,0.1370564441428134,Neutrophils,9.645154627657763e-10,NO,ACSL1
0.003573373994326107,0.02760033423355506,0.3231085412766084,0.13317932966922108,T_cells_Treg,0.00029549058430547714,NO,TTC21B
0.00015335072601459497,0.004823031419293865,0.16154917091336732,0.14684319444185362,Mast_cells,5.271666310700679e-07,NO,MTNR1B
4.097195492859975e-10,4.921335974556446e-07,0.0034847885430712494,0.24420505543421372,Mast_cells,0.003219791759919962,SI,FAM83B
0.9746381680510752,0.8617132765837981,0.40276067721480696,0.18850343197228087,Eosinophils,0.0794014458226869,NO,POFUT2
0.9697569575762187,0.9682471357642514,0.6904125525328481,-0.03670606828056106,Eosinophils,0.1147374077128623,NO,GPT2
0.44921696423315327,0.3092034313472657,0.4805973031444308,-0.19725028143615725,Mast_cells,0.051776433282784466,NO,MIR621
0.002461430171242253,0.16064636520270378,0.17940429975926622,0.23291876014944096,NK_cells,1.2777288032276225e-08,NO,AFTPH
3.738863451548717e-05,0.0006966342680320727,0.08187573957151732,0.08865588169351622,Eosinophils,0.0005683728543295941,NO,LIN28B
0.2750529413113557,0.5715279925380937,0.35253048041110974,-0.14938641510590026,T_cells_CD8,0.01562249298446405,NO,PFDN4
0.012058637413169012,0.022151823376724004,0.16747319216713788,0.1433631164712902,T_cells_CD4,0.003975759639509567,NO,STARD5
0.6484765497687036,0.8896326436733112,0.6285270363975062,0.14444783001479164,Dendritic_cells,0.00034112146811340785,NO,RNA5SP132
0.8218628578060891,0.46347476232728846,0.272237044250802,0.23823310522510616,Mast_cells,0.01994052242945356,NO,CDCA7L
0.3866996851240101,0.23402921170713414,0.7671022538013677,-0.03459537817264381,Mast_cells,0.00017687058959329777,NO,OR4A10P
0.034533127906923054,0.18307869865549103,0.7179766208877494,0.07605540565048394,T_cells_Treg,0.008901624396230622,NO,ZBED2
0.00022823113894417343,0.0010255066167130689,0.3015478371466,0.1213597837458489,T_cells_Treg,0.0001295754892995063,NO,ST18
0.46694097758496395,0.1021572398731392,0.2530322901111107,0.18517672941048802,Dendritic_cells,0.013832397806430287,NO,FFAR3
0.7255558763829703,0.9201906507322337,0.46937005252861164,-0.10238930001042627,Platelets,0.13453455987746796,NO,AVPI1
9.231247926746074e-06,0.0017595590418921837,0.15860021381111042,0.2031045753310547,Mast_cells,0.0016420290445024312,NO,OR1Q1
0.42608318713836674,0.6500760068626608,0.5105446177965036,-0.07772662621507963,Basophils,0.0022852112982524077,NO,ZNF426
2.484983546491811e-06,1.456527903956672e-06,7.060695805556818e-05,0.8283492861250968,Dendritic_cells,0.00136544206630113,SI,ZNF253
9.45024049956283e-06,0.0007511860286234581,0.07515826671679457,0.18661096463655982,Eosinophils,0.05822757388797809,NO,MLXIPL
0.7583627879195813,0.02017448167605034,0.0004411842169940272,-0.4480255188696785,T_cells_Treg,0.006733978762850252,SI,ZNF827
0.1452631198647613,0.1329516121845327,0.6691450009939526,0.04845096689962159,Basophils,0.00011916901024866084,NO,CATSPERD
0.004453900478392917,0.10950650439572462,0.548461514770192,0.07791506860373819,Mast_cells,0.00044090015555834034,NO,KLK2
0.3802804099453908,0.4747726643573288,0.9964054463146041,0.0005801490446468958,T_cells_Treg,0.04284765990594008,NO,PWAR5
0.0021525841657263293,0.02367482252194225,0.8838295614565496,0.017009067773304902,Mast_cells,2.232396650191182e-05,NO,FRG1GP
0.01534261345252963,0.22939426230696108,0.6614752343766666,-0.0778596043249553,T_cells_CD8,0.03839512068499381,NO,EID2
0.055728533750250664,0.5105233805911221,0.2479376561294743,0.1948752117549408,NK_cells,1.999257574058646e-08,NO,RC3H2
0.13525806540938598,0.34838647444316023,0.5097521970500614,-0.25972599685972675,T_cells_CD8,0.001017610886635767,NO,RP11-12J10.3
0.5424398831345765,0.8514214530376204,0.7960234615830996,0.044521690912370675,T_cells_CD8,0.0005412869634240804,NO,CBR4
0.10749979859218131,0.306336128555552,0.8902827673682691,-0.024315412659201365,Mast_cells,0.0008749159141124921,NO,MIR3660
0.000341244355719043,0.05099285896374382,0.0924396919927562,-0.33927714480562954,Basophils,0.003424313314043686,NO,LHPP
0.00012499726797156853,0.009452169304065793,0.21955355068464488,0.06339914390398184,Mast_cells,0.019563350773601645,NO,GVQW3
0.25674532085225776,0.45445780314069334,0.31396034445929494,0.4235452853623219,Mast_cells,0.006067778557893949,NO,SNORA5C
0.0007677696687542823,0.0003460527030219567,0.0007829683168023773,0.5063361999768667,T_cells_CD8,0.00234091617777048,SI,ADSS1
0.03175692493318386,0.007067235541987116,0.02907586503312889,0.4107981939127732,Basophils,0.06751893861579207,SI,EEF1A1P7
3.473744533625543e-08,1.6043547882232104e-05,0.005448507320553071,0.34110552680318673,Eosinophils,8.50847423349022e-05,SI,OR10X1
0.5973651822984475,0.45544823691874553,0.9212841882463907,0.015977067240754286,Basophils,0.08017322169952674,NO,SH2D1B
0.0005378531324084981,0.02235986153616983,0.4681827951030472,0.07619470865772399,Mast_cells,0.00012298297147513785,NO,MESTP1
0.4866890337148003,0.5936558649500757,0.016208437077049647,0.3873288534667918,NK_cells,4.9169944364774294e-08,SI,AHCYL1
5.391317675667047e-05,0.0043195688409753815,0.8383536395445539,0.03675673019173663,Mast_cells,4.0309351391041194e-08,NO,MSN
8.723729678146093e-07,0.0002987823120551821,0.05838186650300268,0.21545055074921604,Eosinophils,0.0036572234435490857,NO,RP11-333E13.4
0.0025293266153139354,0.03062663642025938,0.5307447967837056,0.06033419708551757,Mast_cells,0.017177520036098275,NO,TSLP
0.02009104586734351,0.04523512686464883,0.27694141972805947,0.14078456874994114,Mast_cells,0.00016169390300848697,NO,NUS1
0.0629239823548151,0.13521594692682545,0.8320074432607736,-0.02396337609105017,Mast_cells,8.908177059931818e-05,NO,BCLAF1P2
0.0014402847144061887,0.010210585845842566,0.2400242165994253,0.1485391923490402,T_cells_Treg,0.015962441347911933,NO,NRG2
0.09990406705283421,0.5026090748641981,0.9739394187433499,-0.006007405754489218,Mast_cells,0.0060554153674133625,NO,SUMF2
0.15779687258905892,0.1407736835023831,0.9512352621167283,0.0074590152184120006,Mast_cells,0.018039157501610774,NO,RP11-144G7.2
4.1808557381750526e-05,0.0015997470472403775,0.03647459923151885,0.33300591087699893,Mast_cells,0.00015199934066651482,SI,ANXA2P1
6.305107814330819e-05,0.005286480212612948,0.23374502819110235,0.1262151381373703,Eosinophils,0.0015494904230986585,NO,EXTL2
0.38608336323483966,0.74900417719164,0.4409942280069902,0.14018931477868507,Basophils,3.299633435208303e-06,NO,FAM107B
1.604035808442588e-07,0.0016948222886151783,0.1313650440137645,0.15047055636484738,Mast_cells,5.937071002694905e-07,NO,GRIA3
0.4565248581133532,0.34188855493999176,0.4939876132993679,-0.10972624935869926,Dendritic_cells,0.1787411101261829,NO,PEX11G
3.6664277606831376e-06,0.0005720684392566494,0.00861085738179253,0.2876323062728622,Basophils,6.80451450680173e-07,SI,CDK8P2
0.09172501926784607,0.03202825893335205,0.2501942428814337,0.1543641172492512,Mast_cells,0.0004487934518028775,NO,LEPR
0.1462776768159336,0.19300661207281,0.5403824872976153,0.09591971779531495,Mast_cells,0.00015151528036112469,NO,FSCN1P1
0.002163294331418403,0.0005896128810301273,0.007017516647983481,-0.6968142480738716,T_cells_Treg,0.1070742807829739,SI,C22orf34
0.00023147119213785716,0.0019390483753581622,0.2700752672081368,0.1547831129765253,Mast_cells,9.069215768263763e-07,NO,GFRAL
0.0609210074386191,0.367072373800498,0.8404214127544051,-0.02181387361891251,Mast_cells,8.600879940935044e-05,NO,C6orf141
0.00013686230428505697,0.011446517692345925,0.8195814136843307,-0.04445626669100813,Mast_cells,6.635371026460567e-05,NO,OTUB1
0.0007407537356530429,0.0037684309573119378,0.04387195288476407,0.439638669140512,Mast_cells,0.03993738027955927,SI,FAM220CP
7.797688688670111e-05,0.004855181501889609,0.7075572811101909,0.05364073118242505,Neutrophils,0.00010353015940598343,NO,MBD6
0.0007288533605644744,0.031348004243009576,0.622230989716257,-0.045689139940563096,Eosinophils,3.0404472099353665e-05,NO,HYAL4
0.16643837671828007,0.8600590646869474,0.5245239124013915,-0.12786189256071542,Basophils,0.00019023951264234414,NO,RHOXF2
0.36784770239026215,0.2668232369020021,0.333044715020763,-0.14852533315517089,Basophils,0.026450432478064494,NO,RP5-1022I14.2
0.004432083074264807,0.001534891619213205,0.00613764111038288,-0.4455536941780365,B_cells,0.1272460687796265,SI,CHTF18
6.635616074866106e-08,0.00013959184636316672,0.014780841362862335,0.20302397419933554,Eosinophils,0.0005549774091569944,SI,ITGB6
0.0015801961683228002,0.011175359396415754,0.5517734850318098,0.11833062307487437,Neutrophils,8.00820753564274e-05,NO,LIMK2
0.6264841266280134,0.07378073049547353,0.06480123132762526,0.2927465308617302,T_cells_CD8,0.011400336920081118,NO,UMPS
0.06399695708127119,0.5565716009716157,0.649582138175877,0.0713293333118447,Basophils,5.743807994722971e-07,NO,MIB1
0.0687427770440062,0.11907704617284444,0.32995203907741394,0.11729315758501792,Eosinophils,0.005272774189589342,NO,ARHGEF17
3.238056482380319e-05,0.0037670738409961288,0.7710115254393459,-0.05222314413913221,NK_cells,2.075651839220735e-07,NO,AGO1
1.090292701097797e-06,0.0002461771129019366,0.40247138757775003,0.12363568848515966,Mast_cells,2.7482833527755956e-06,NO,DPP10
1.1455742784446082e-06,0.00047315282252672914,0.02811762340602585,0.22445877362395913,Mast_cells,8.511079747919798e-05,SI,HR
0.005948397688773487,0.022118101134364757,0.16406684253289353,0.13393383725554256,Basophils,0.022862887097570204,NO,PDLIM1P1
1.0386555354132187e-06,0.00026158812076134845,0.024011402024833896,0.25242253589102925,Mast_cells,2.277172566926834e-07,SI,SLITRK6
0.03792429609859236,0.044200555458414864,0.6497873489831683,0.06613895663229298,Eosinophils,0.003087041708223896,NO,STAP2
0.2360991716664307,0.12939174061744366,0.391734720783041,0.10706556910389149,Basophils,0.001156695339221289,NO,ESPNL
0.006546443040551203,0.05639828976712714,0.5247033878765357,0.07947361538814629,Eosinophils,0.000303948273648668,NO,RIT2
0.0605326928911971,0.16395634737743628,0.14971681171030662,0.35080492977683464,Basophils,0.25968447219319135,NO,CCND1
0.004650709014472595,0.05970643598076257,0.8943722301802557,-0.018769956560511936,Mast_cells,0.006002414789245053,NO,TF
0.531578916090683,0.4277495250580759,0.93214777940152,0.011183915297591896,NK_cells,0.0035741131670824155,NO,BCL9
0.00012871030083119817,0.050589089544600105,0.7782055474676968,0.03921365544145377,Neutrophils,0.08578313005014822,NO,CHN1
0.1417269154338185,0.08893379256879594,0.06682016655048154,0.25402314596188735,T_cells_CD8,0.03323388668999873,NO,CDKN2C
0.0001209322015330947,0.018317328677573862,0.8641630913341709,0.031227488827486646,NK_cells,6.845055073415698e-08,NO,HSD17B11
1.0492152818756412e-06,0.0003775188360149101,0.25741998088651413,0.11623587420842427,T_cells_Treg,1.4325854973764291e-06,NO,SIAH1P1
0.0017061029395962013,0.03742839896571609,0.8906606055424942,0.021394162049633184,Platelets,3.4928689710800924e-08,NO,TAL1
0.3027563843797474,0.7288065855580883,0.6905533014233391,0.07635049766190993,Dendritic_cells,0.00034348217050168914,NO,YBX1P10
0.0005224357571252278,0.006345539566140996,0.16788688998956994,0.14079109687684116,T_cells_Treg,0.006590310916529584,NO,HSPA8P5
9.940259014530463e-09,3.7361599590435086e-05,0.28741717966211644,-0.17095640061500791,Mast_cells,8.562067081716411e-08,NO,TNFRSF1A
0.37092216314972504,0.11889970351288669,0.005300030146762798,-0.29705226621874276,Mast_cells,1.0774118353732625e-06,SI,YTHDF3-DT
0.10531993537834894,0.11181113242893087,0.21438935217382912,0.24703446100204243,T_cells_CD8,0.00014352543873381794,NO,KLRC2
0.01824610037156039,0.17600364656047382,0.7584883030821478,-0.04065048336375706,T_cells_Treg,0.01475949941169574,NO,PDCL3P6
0.011520696545187644,0.21587024281426587,0.9597417381833606,-0.007213450927462505,T_cells_Treg,0.052341866111210444,NO,CAND2
7.161443268072005e-05,0.013413074555304052,0.42050017662981015,0.12318425692359887,Eosinophils,0.0001323720971333768,NO,RP11-690G19.4
0.25952748562253825,0.3266396463810102,0.9399185324661032,0.0041651746755760905,Mast_cells,0.0006053056470787995,NO,CTB-176F20.3
0.0006594639832845098,0.010304630460756505,0.07917790531054499,0.19745886838722188,Mast_cells,4.373888417387863e-07,NO,CCNJP1
2.0597335128409004e-06,0.00038082037490197316,0.019272388693128754,0.4161186356447843,Mast_cells,0.0017490310871730807,SI,IFNA21
0.07837874492763997,0.2889950182177353,0.6705393799725813,0.030770365690144658,Mast_cells,0.029699736570430235,NO,CTD-3035K23.3
0.0015595032467132215,0.09506473208860164,0.7868114402573415,0.04030134752552956,Basophils,0.0034874018602570208,NO,PPFIA3
0.0014983681888349715,0.10753899649093111,0.7890007444520528,0.057890574168403125,Basophils,0.00027541707186934643,NO,CHI3L1
0.13172446336241123,0.5636267389477138,0.8900455452396032,-0.02005020342903385,NK_cells,0.00012980711116014024,NO,CACNA2D3
0.003479452069300015,0.3756064884408507,0.0441993848242668,0.483916244414047,NK_cells,1.1929402490591417e-11,SI,NOP10
0.04645759078557834,0.41690634397837706,0.3894166176793207,-0.11655779036351649,Mast_cells,8.698908642665333e-07,NO,P4HA3
4.2181798735421914e-05,0.001055783230010789,0.11157903598453878,0.13966629794316215,Eosinophils,8.78640422462878e-05,NO,TTC41P
0.19801776750376068,0.4650003475045221,0.479441886899057,0.10517364018037491,Dendritic_cells,0.03788553733480264,NO,SLC5A10
0.08793708901836596,0.06726880384230172,0.05640138233898908,0.27482920396733945,NK_cells,0.00016733022648395075,NO,UBE2D3P1
0.217863681740564,0.269862045823925,0.08489077651707953,0.27222528737509766,Basophils,0.0007260986155270017,NO,C21orf91
0.08932706738881695,0.3067510899402493,0.19058412313203188,-0.25982524834223203,Basophils,0.007811599524507223,NO,JAG2
6.511109246246564e-07,0.0014577563045020765,0.02392223257870226,0.10327022291457809,Mast_cells,0.019830740043070737,SI,RP11-248G5.8
5.756820843776462e-07,4.643474042192846e-05,0.0018962416471666544,0.3206021692744879,Mast_cells,3.075795707244247e-05,SI,ACTBL2
8.160594552731655e-05,0.003141999154209765,0.15980515634015519,0.22298486284984534,Mast_cells,0.0012127251888264109,NO,PON3
0.7609160768483919,0.6733568819548889,0.33683990944967296,0.1670234065566704,NK_cells,0.0004215163439011641,NO,C3
0.0444812332371111,0.7022219670179229,0.007030513895636616,0.5482972710325937,NK_cells,2.1648861349049137e-07,SI,STYXL1
0.4553163805445669,0.2215642837612801,0.0009030849937148933,0.624455870324152,NK_cells,9.995021569795996e-05,SI,WIPF2
0.023520610058277196,0.2418610588418562,0.7939708480613051,-0.030949736962336695,Basophils,0.0033929015324801505,NO,PPIAP28
0.05015343234865989,0.09671952670902569,0.18331978752437308,0.16877592653884896,T_cells_CD8,0.013876509797537656,NO,ME1
0.000410369665375231,0.005699671562414039,0.22620762541134778,-0.2919040894910044,Eosinophils,0.00047306514922506275,NO,RP11-574K11.31
0.000824518682160946,0.05697975679874399,0.3168166866699427,0.13672893316393422,Mast_cells,0.00022812432931836927,NO,OOEP
0.7280502232163536,0.979068630574692,0.3635588220087638,-0.1879133996879219,Mast_cells,8.330229090894408e-05,NO,MIR4634
1.4526741846470729e-05,0.0007081673286019641,0.19512878534919595,-0.23278517648506358,Mast_cells,8.333389333648028e-06,NO,KLF6
0.000741755389876959,0.009096384535875314,0.16950230540639413,0.21654488979207073,Eosinophils,0.06562426254192306,NO,RNASE1
7.499288261191814e-06,0.00045386589919619013,0.10366232566296123,0.14644501645803387,Mast_cells,0.0008161609557542668,NO,ELAVL2
8.613037157550568e-05,0.0018792607694307064,0.021957904280086534,0.2631272891098302,Eosinophils,0.001674202970516802,SI,HPN
0.0119026524827323,0.07562671643002623,0.5777096630334393,0.058854777349638676,Eosinophils,0.05343435275764594,NO,RWDD4P2
0.00015925923890906338,0.0014107348263457087,0.06799166643404343,0.27810247755194495,Mast_cells,0.0013361250014625465,NO,OR51G1
2.4687667439973486e-08,6.469474856079884e-05,0.5546296992879197,-0.09553754494618127,NK_cells,2.2274306659542383e-10,NO,RARA
0.0027312031115000867,0.3045302079132883,0.9553630603597191,0.009192148781569253,NK_cells,0.0005472316563627262,NO,PDK4
9.213150614495703e-06,0.004893632486066067,0.2773762456555256,0.18045878339939173,NK_cells,1.846058049698755e-08,NO,KIAA2013
4.851900405891633e-07,4.3813648697955285e-05,0.027889951127005673,-0.4004509464668469,Mast_cells,0.00032966243301638256,SI,MFSD10
0.04553367751745727,0.1526329923794086,0.983241149007836,-0.0034321494219156598,NK_cells,6.430441468953984e-06,NO,INTS9
1.3820299961137165e-06,0.0005180741298262814,0.09522511157861206,0.22229583321095292,Mast_cells,6.700533961043502e-05,NO,ANTXR1
0.05190745417520466,0.7880941354427046,0.9706878271818593,0.004010915052355369,Basophils,0.0003864947130188984,NO,RPS3AP6
0.04342859299465782,0.2737440392978268,0.8036922200960708,0.05997634988252888,Mast_cells,0.005188589344627985,NO,IFITM3P3
0.0049009308558088695,0.2962935534390649,0.12645920756852347,0.30770617361556507,NK_cells,1.1867311222313096e-08,NO,CAPZA1
0.04584515322379472,0.26781965345076114,0.28854800538503245,0.1971032918696296,T_cells_Treg,0.001271281854186851,NO,GDF11
0.08771035294396276,0.7051863025296503,0.4900724977812875,0.13694705091681186,Basophils,0.0017796303351736316,NO,SPCS1
0.007739565767931272,0.12392558323418772,0.23038550783492562,0.16715974058927752,Dendritic_cells,0.012343143463292613,NO,ACTG1P4
8.459867327827698e-06,0.00012232198678701256,0.25388469288670384,-0.20869866699876646,Mast_cells,2.914298528427274e-07,NO,MAP2K3
2.1712832395507633e-05,0.0015885363886893149,0.049272638605176805,0.19387713650432525,Mast_cells,0.000496741520586032,SI,TFAP2C
0.07984382779238736,0.2342027052078566,0.9019291052070263,-0.016313963612299757,Basophils,0.05253399013890578,NO,CCM2L
1.4939454730267129e-05,0.0004789853247085498,0.08292506805719985,0.26237979704932846,T_cells_Treg,0.04751073746769559,NO,SLC25A51P4
0.001033410376019798,0.14632066276127573,0.8739009353314784,-0.009477424805288282,Eosinophils,0.03349972401819579,NO,PTCHD1
0.0014657869890147203,0.0019958464905858904,0.08405385406131043,0.1648650163400516,Mast_cells,0.00019844300195997352,NO,EFR3B
0.0005591008274379361,0.012290485517862354,0.2676848198614675,0.09253807446623241,Eosinophils,2.1357445327415524e-05,NO,PSKH2
0.07292229808919122,0.044608870885127765,0.1820847426062123,-0.25552535261361103,Mast_cells,0.004362685390358723,NO,ULK3
0.6482839806776507,0.12736314063507845,0.0019147885774606567,0.43225271519240455,NK_cells,0.000485833380001744,SI,BRAF
0.7780192244267766,0.7323449466757507,0.8155340548506766,0.055983847848503104,T_cells_CD8,0.09586934858791313,NO,SNHG9
0.000643801831539533,0.057022768321513866,0.7958678285517712,0.036810061792217706,Eosinophils,0.003063563737449673,NO,CREB3L1
0.13043111631839477,0.2850049716488254,0.7383352468556927,-0.03496433873844939,Basophils,0.003219137052368911,NO,EMILIN1
0.006085590576070259,0.029660097482243117,0.4040747634796094,-0.2790053913602446,T_cells_CD4,0.007260145478985381,NO,MAP1S
8.77772064824321e-08,0.00022310531499560206,0.08100240875517725,0.26540264996307883,Eosinophils,0.00012378261021415908,NO,HSP90B3P
0.24597220704525824,0.10582492802844747,0.14747745694767783,-0.3173879358097742,Mast_cells,0.0012573062590352907,NO,ING5
2.8417968264330697e-07,0.00027861869190065635,0.03328688582179335,0.22100547411672433,Mast_cells,1.5409552590237207e-05,SI,PCDHAC1
