chembl_id,pref_name,smiles,molecular_weight,affinity_type,d2_affinity_nm,d3_affinity_nm,selectivity_ratio,scaffold
CHEMBL5273430,,CN1CCN(C(=O)CCCN2CCN(c3cccc(Cl)c3Cl)CC2)C(C(=O)NCc2ccccc2)C1,532.52,IC50,1.096,15848.930,14460.70,Phenylpiperazine derivative
CHEMBL5278601,,O=C(Cn1c(CCCN2CCN(c3cccc(Cl)c3Cl)CC2)nc2cc(Br)c(Br)cc21)NCc1ccccc1,694.30,IC50,2.188,23442.290,10714.03,Other Aliphatic/Heterocyclic
CHEMBL5268231,,CN(CC(=O)NC1CCCCC1)C(=O)CCCN1CCN(c2cccc(Cl)c2Cl)CC1,469.46,IC50,2.884,12302.690,4265.84,Phenylpiperazine derivative
CHEMBL5266508,,CC(C)(C)NC(=O)C1C(=O)NCCN1C(=O)CCCN1CCN(c2cccc(Cl)c2Cl)CC1,498.46,IC50,3.802,6025.600,1584.85,Phenylpiperazine derivative
CHEMBL5270832,,CN1CCN(C(=O)CCCN2CCN(c3cccc(Cl)c3Cl)CC2)C(C(=O)NC2CCCCC2)C1,524.54,IC50,1.660,1479.110,891.03,Phenylpiperazine derivative
CHEMBL5278239,,CN(CC(=O)NCc1ccccc1)C(=O)CCCN1CCN(c2cccc(Cl)c2Cl)CC1,477.44,IC50,4.571,2884.030,630.94,Phenylpiperazine derivative
CHEMBL5281830,,Cn1c(CCCN2CCN(c3cccc(Cl)c3Cl)CC2)nc(-c2ccccc2)c1C(=O)NCc1ccccc1,562.55,IC50,5.012,2344.230,467.72,Other Aliphatic/Heterocyclic
CHEMBL5283891,,O=C1NCCN(C(=O)CCCN2CCN(c3cccc(Cl)c3Cl)CC2)C1C(=O)NCc1ccccc1,532.47,IC50,1.148,501.190,436.58,Other Aliphatic/Heterocyclic
CHEMBL1223856,,Clc1cccc(N2CCN(CCCCNc3cc(-c4ccccc4)ccn3)CC2)c1Cl,455.43,Ki,0.550,184.000,334.55,Other Aliphatic/Heterocyclic
CHEMBL1223857,,FC(F)(F)c1cccc(N2CCN(CCCCNc3cc(-c4ccccc4)ccn3)CC2)c1,454.54,Ki,0.760,194.000,255.26,Other Aliphatic/Heterocyclic
CHEMBL1223615,,COc1ccccc1N1CCN(CCCCNc2ccccn2)CC1,340.47,Ki,0.800,198.000,247.50,Phenylpiperazine derivative
CHEMBL1223858,,FC(F)(F)c1cccc(N2CCN(CCCCNc3ncc(-c4ccccc4)o3)CC2)c1,444.50,Ki,9.600,2322.000,241.88,Other Aliphatic/Heterocyclic
CHEMBL4764679,,CN1CCc2ccc(OCCCN3CCC(c4noc5cc(F)ccc45)CC3)cc2C1=O,437.52,Ki,1.000,226.000,226.00,Other Aliphatic/Heterocyclic
CHEMBL1223802,,Fc1ccccc1N1CCN(CCCCNc2cc(-c3ccccc3)ccn2)CC1,404.53,Ki,1.500,309.000,206.00,Phenylpiperazine derivative
CHEMBL1223859,,FC(F)(F)c1cccc(N2CCN(CCCCNc3nc(-c4ccccc4)cs3)CC2)c1,460.57,Ki,13.000,2431.000,187.00,Other Aliphatic/Heterocyclic
CHEMBL1739963,,O=C(NCCCCN1CCN(c2ccccc2OCCF)CC1)c1ccc(-c2ccsc2)cc1,481.64,Ki,0.170,27.700,162.94,Phenylpiperazine derivative
CHEMBL422344,,CN(C)[C@@H]1Cc2cccc3nc(O)n(c23)C1,217.27,Ki,12.000,1929.000,160.75,Other Aliphatic/Heterocyclic
CHEMBL5409419,,COc1cccc2c3c(oc12)CN(CCCCOc1ccc2c(c1)NC(=O)CC2)CC3,420.51,EC50,7.138,1125.965,157.75,Other Aliphatic/Heterocyclic
CHEMBL3945856,,CCCCCOc1c(O)ccc2c1CN1CCc3cc(OC)c(O)cc3[C@@H]1C2,383.49,Ki,23.000,3213.000,139.70,Other Aliphatic/Heterocyclic
CHEMBL1173287,,COc1cccc2[nH]cc(CN3CCC(O)(c4ccc(I)cc4)CC3)c12.O=C(O)C(=O)O,462.33,Ki,0.900,122.000,135.56,Other Aliphatic/Heterocyclic
CHEMBL1223801,,FC(F)(F)c1cccc(N2CCN(CCCCNc3ccc(-c4ccccc4)cn3)CC2)c1,454.54,Ki,1.100,143.000,130.00,Other Aliphatic/Heterocyclic
CHEMBL389357,,COc1ccc2c(c1)CCCN(C)CCc1ccccc1C2,295.43,Ki,24.775,3136.000,126.58,Other Aliphatic/Heterocyclic
CHEMBL1173288,,COc1ccc2[nH]cc(CN3CCC(O)(c4ccc(I)cc4)CC3)c2c1.O=C(O)C(=O)O,462.33,Ki,0.900,100.000,111.11,Other Aliphatic/Heterocyclic
CHEMBL247058,,COc1ccc2[nH]cc(CN3CCC(O)(c4ccc(SC)cc4)CC3)c2c1,382.53,Ki,5.500,580.000,105.45,Other Aliphatic/Heterocyclic
CHEMBL267930,SPIPERONE,O=C(CCCN1CCC2(CC1)C(=O)NCN2c1ccccc1)c1ccc(F)cc1,395.48,IC50,0.895,93.200,104.13,Other Aliphatic/Heterocyclic
CHEMBL1200270,,COc1cccc2[nH]cc(CN3CCC(O)(c4ccc(I)cc4)CC3)c12,462.33,Ki,0.900,87.600,97.33,Other Aliphatic/Heterocyclic
CHEMBL56,8-OH-DPAT,CCCN(CCC)C1CCc2cccc(O)c2C1,247.38,Ki,86.000,7429.500,86.39,Other Aliphatic/Heterocyclic
CHEMBL1170095,,COc1cccc2[nH]cc(CN3CCC(O)(c4ccc(Br)cc4)CC3)c12,415.33,Ki,2.300,190.000,82.61,Other Aliphatic/Heterocyclic
CHEMBL289330,,CCN1CCC[C@H]1CNC(=O)c1cc(Br)cc(OC)c1OC,371.28,Ki,0.003,0.220,73.33,Other Aliphatic/Heterocyclic
CHEMBL1223800,,Clc1cccc(N2CCN(CCCCNc3ccc(-c4ccccc4)cn3)CC2)c1Cl,455.43,Ki,0.590,41.000,69.49,Other Aliphatic/Heterocyclic
CHEMBL3234542,,CN1C(=O)c2ccccc2[S@+]([O-])c2ccc(C(=O)NCc3cccnc3)cc21,391.45,Ki,310.000,21000.000,67.74,Other Aliphatic/Heterocyclic
CHEMBL1303,ROTIGOTINE,CCCN(CCc1cccs1)[C@H]1CCc2c(O)cccc2C1,315.48,Ki,0.060,3.995,66.58,Other Aliphatic/Heterocyclic
CHEMBL1223616,,Clc1cccc(N2CCN(CCCCNc3ccccn3)CC2)c1Cl,379.33,Ki,0.400,25.000,62.50,Other Aliphatic/Heterocyclic
CHEMBL1813590,,COc1ccccc1N1CCN(CCCCOc2ccc3c(c2)NC(=O)CC3)CC1.O=C(O)C(=O)O,409.53,Ki,0.220,13.100,59.55,Phenylpiperazine derivative
CHEMBL1169904,,COc1cccc2[nH]cc(CN3CCC(O)(c4ccc(Cl)cc4)CC3)c12,370.88,Ki,4.200,250.000,59.52,Other Aliphatic/Heterocyclic
CHEMBL1813593,,COc1cc(C)ccc1N1CCN(CCCCOc2ccc3c(c2)NC(=O)CC3)CC1.O=C(O)C(=O)O,423.56,Ki,4.600,251.000,54.57,Phenylpiperazine derivative
CHEMBL1813591,,O=C(O)C(=O)O.O=C1CCc2ccc(OCCCCN3CCN(c4ccccc4OCCF)CC3)cc2N1,441.55,Ki,0.260,13.500,51.92,Other Aliphatic/Heterocyclic
CHEMBL596527,,Cn1c(CN2CCC(c3nsc4ccccc34)CC2)nc2ccccc21,362.50,Ki,79.430,3981.070,50.12,Other Aliphatic/Heterocyclic
CHEMBL396561,,COc1ccc2c(c1)CCN(C)CCc1c([nH]c3ccccc13)C2,320.44,Ki,22.800,1135.000,49.78,Other Aliphatic/Heterocyclic
CHEMBL1223799,,Fc1ccccc1N1CCN(CCCCNc2ccc(-c3ccccc3)cn2)CC1,404.53,Ki,2.500,122.000,48.80,Phenylpiperazine derivative
CHEMBL1170094,,COc1ccc2[nH]cc(CN3CCC(O)(c4ccc(Cl)cc4)CC3)c2c1,370.88,Ki,4.200,204.000,48.57,Other Aliphatic/Heterocyclic
CHEMBL3234522,,CN1C(=O)c2ccccc2[S+]([O-])c2ccc(C(=O)NCCc3cccs3)cc21,410.52,Ki,190.000,9200.000,48.42,Other Aliphatic/Heterocyclic
CHEMBL4088639,,COc1ccccc1N1CCN(CCCC(=O)Nc2ccn3ncc(C=O)c3c2)CC1,421.50,Ki,1.450,70.000,48.28,Phenylpiperazine derivative
CHEMBL572379,,O=C(CCCc1cn(-c2ccc([N+](=O)[O-])cc2)nn1)NCCCCN1CCN(c2cccc(Cl)c2Cl)CC1,560.49,Ki,48.500,2200.000,45.36,Phenylpiperazine derivative
CHEMBL435301,,CN(C)C[C@H]1CC2c3ccccc3Oc3ccc(Cl)cc3[C@H]2O1,329.83,Ki,5.900,251.000,42.54,Other Aliphatic/Heterocyclic
CHEMBL3234544,,CN1C(=O)c2ccccc2[S@+]([O-])c2ccc(C(=O)NCCc3cccs3)cc21,410.52,Ki,100.000,4100.000,41.00,Other Aliphatic/Heterocyclic
CHEMBL3358513,,O=C(NCCCCN1CCN(c2cnc3ccccc3c2)CC1)c1ccccc1,388.51,Ki,1.000,40.000,40.00,Phenylpiperazine derivative
CHEMBL396560,,COc1ccc2[nH]c3c(c2c1)CCN(C)CCc1ccccc1C3,320.44,Ki,11.900,475.000,39.92,Other Aliphatic/Heterocyclic
CHEMBL608103,,Cn1c(CN2CCC(c3cccc(Cl)c3)CC2)nc2ccccc21,339.87,Ki,39.810,1584.890,39.81,Other Aliphatic/Heterocyclic
CHEMBL4071121,,COc1ccccc1N1CCN(CCCCNC(=O)Oc2ccc3c(c2)[nH]c2ccccc23)CC1,472.59,EC50,57.900,2300.000,39.72,Phenylpiperazine derivative
CHEMBL1170096,,COc1ccc2[nH]cc(CN3CCC(O)(c4ccc(Br)cc4)CC3)c2c1,415.33,Ki,2.500,96.900,38.76,Other Aliphatic/Heterocyclic
CHEMBL1813594,,COc1ccccc1N1CCN(CCCCOc2ccc3ccc(=O)[nH]c3c2)CC1.O=C(O)C(=O)O,407.51,Ki,0.140,5.400,38.57,Phenylpiperazine derivative
CHEMBL1813595,,O=C(O)C(=O)O.O=c1ccc2ccc(OCCCCN3CCN(c4ccccc4OCCF)CC3)cc2[nH]1,439.53,Ki,0.070,2.700,38.57,Other Aliphatic/Heterocyclic
CHEMBL5426242,,COc1cccc2c3c(oc12)CN(CCCCOc1ccc2ccc(=O)[nH]c2c1)CC3,418.49,EC50,21.520,788.515,36.64,Other Aliphatic/Heterocyclic
CHEMBL1223748,,COc1ccccc1N1CCN(CCCCNc2nccc3ccccc23)CC1,390.53,Ki,1.000,35.500,35.50,Phenylpiperazine derivative
CHEMBL4070091,,COc1ccccc1N1CCN(CCCC(=O)Nc2ccn3ncc(C#N)c3c2)CC1,418.50,Ki,0.825,28.000,33.94,Phenylpiperazine derivative
CHEMBL1223747,,FC(F)(F)c1cccc(N2CCN(CCCCNc3ccc4ccccc4n3)CC2)c1,428.50,Ki,1.600,53.000,33.12,Other Aliphatic/Heterocyclic
CHEMBL1813592,,COc1ccc(N2CCN(CCCCOc3ccc4c(c3)NC(=O)CC4)CC2)c(OC)c1.O=C(O)C(=O)O,439.56,Ki,25.300,785.000,31.03,Other Aliphatic/Heterocyclic
CHEMBL5075726,,CCOC(=O)/C=C1\[C@@H]2CCC[C@@]1(c1cccc(O)c1)CCN2CCN1CCN(c2cccc(Cl)c2Cl)CC1,558.55,Ki,51.600,1600.000,31.01,Phenylpiperazine derivative
CHEMBL1173711,,O=C(O)C(=O)O.OC1(c2ccc(Br)cc2)CCN(Cc2c[nH]c3cccc(OCCF)c23)CC1,447.35,Ki,27.700,849.000,30.65,Other Aliphatic/Heterocyclic
CHEMBL27559,,CCCN1CCc2cccc3c2[C@H]1Cc1cccc(O)c1-3,279.38,Ki,28.500,850.600,29.85,Other Aliphatic/Heterocyclic
CHEMBL5280677,,O=C(CCCN1CCN(c2cccc(Cl)c2Cl)CC1)N1C=CN(C2CCCCC2)C(=O)C1,479.45,IC50,109.650,3235.940,29.51,Phenylpiperazine derivative
CHEMBL1223750,,FC(F)(F)c1cccc(N2CCN(CCCCNc3nccc4ccccc34)CC2)c1,428.50,Ki,1.000,29.500,29.50,Other Aliphatic/Heterocyclic
CHEMBL204065,,COc1ccc2c(c1)CCN(C)CCc1cc(OC)ccc1C2,311.43,Ki,3.560,101.500,28.51,Other Aliphatic/Heterocyclic
CHEMBL1940402,,OC1(c2ccc(Cl)cc2)CCN(CCCCc2ccc(F)cc2)CC1,361.89,Ki,24.000,667.000,27.79,Other Aliphatic/Heterocyclic
CHEMBL245571,,CN1CCc2cc(O)ccc2Cc2[nH]c3ccccc3c2CC1,306.41,Ki,74.700,2070.000,27.71,Other Aliphatic/Heterocyclic
CHEMBL3818124,,O=C1NCN(c2ccccc2)C12CCN(CCCCc1nc3cc(Cl)ccc3s1)CC2,455.03,Ki,18.100,500.095,27.63,Other Aliphatic/Heterocyclic
CHEMBL401031,,CSc1ccc(C2(O)CCN(Cc3c[nH]c4ccccc34)CC2)cc1,352.50,Ki,23.900,638.000,26.69,Other Aliphatic/Heterocyclic
CHEMBL126312,,COc1ccccc1N1CCN(Cc2ccccc2CNC(=O)c2ccc3ccccc3c2)CC1.O=C(O)C(=O)O,465.60,Ki,28.400,750.000,26.41,Phenylpiperazine derivative
CHEMBL1172208,,O=C(O)C(=O)O.OC1(c2ccc(I)cc2)CCN(Cc2c[nH]c3ncccc23)CC1,433.29,Ki,61.000,1585.000,25.98,Other Aliphatic/Heterocyclic
CHEMBL1803054,,COc1cc(CN2CCN(C)CC2)ccc1OCCCc1cn(CCCCCCCCn2cc(CCCOc3ccc(CN4CCN(c5ccccc5OC)CC4)cc3OC)nn2)nn1,893.19,Ki,8.550,220.000,25.73,Other Aliphatic/Heterocyclic
CHEMBL556496,,COc1cccc(C2CCCN(CCN3CCN(c4cccc(Cl)c4)C3=O)C2)c1,413.95,Ki,25.120,630.960,25.12,Other Aliphatic/Heterocyclic
CHEMBL1173285,,O=C(O)C(=O)O.OC1(c2ccc(I)cc2)CCN(Cc2c[nH]c3ccccc23)CC1,432.31,Ki,3.800,94.400,24.84,Other Aliphatic/Heterocyclic
CHEMBL419792,SUMANIROLE,CN[C@@H]1Cc2cccc3[nH]c(=O)n(c23)C1,203.25,Ki,63.450,1558.500,24.56,Other Aliphatic/Heterocyclic
CHEMBL245570,,CN1CCc2ccccc2Cc2[nH]c3ccc(O)cc3c2CC1,306.41,Ki,41.025,944.000,23.01,Other Aliphatic/Heterocyclic
CHEMBL1170683,,OC1(c2ccc(Br)cc2)CCN(Cc2c[nH]c3ccccc23)CC1,385.31,Ki,4.800,110.000,22.92,Other Aliphatic/Heterocyclic
CHEMBL2207636,,COc1ccccc1N1CCN(Cc2cc(C#N)c3cccccc2-3)CC1,357.46,Ki,23.650,530.000,22.41,Phenylpiperazine derivative
CHEMBL110120,,OC1CCc2c(c3ccccc3n2CCCN2CCN(c3ccccc3)CC2)C1,389.54,Ki,180.000,4010.000,22.28,Other Aliphatic/Heterocyclic
CHEMBL4551518,,CCc1cc(Cl)c(OC)c(N2CCN(CCCCOc3ccc4c(c3)NC(=O)CC4)CC2)c1,472.03,Ki,1.860,40.900,21.99,Other Aliphatic/Heterocyclic
CHEMBL1946253,,Fc1ccc(CCCCN2CCCN(c3ccc(Cl)cc3)CC2)cc1,360.90,Ki,139.000,3043.000,21.89,Other Aliphatic/Heterocyclic
CHEMBL1940404,,OC1(c2ccc(Cl)cc2)CCN(CCCOc2ccc(F)cc2)CC1,363.86,Ki,5.300,115.500,21.79,Other Aliphatic/Heterocyclic
CHEMBL1940403,,OC1(c2ccc(Cl)cc2)CCN(CCCSc2ccc(F)cc2)CC1,379.93,Ki,5.300,115.500,21.79,Other Aliphatic/Heterocyclic
CHEMBL140612,,COc1ccccc1N1CCN(CCCNC(=O)c2cnn3ccccc23)CC1,393.49,Ki,11.000,235.000,21.36,Phenylpiperazine derivative
CHEMBL25938,,c1ccc(CN2CCC(c3cc(-c4ccccc4)[nH]n3)CC2)cc1,317.44,Ki,66.000,1400.000,21.21,Other Aliphatic/Heterocyclic
CHEMBL150161,,O=C(CCCN1CCC(O)(c2ccc(Cl)cc2)C1)c1ccc(F)cc1,361.84,Ki,51.100,1069.000,20.92,Other Aliphatic/Heterocyclic
CHEMBL4875081,,COc1ccc(Cl)cc1[C@H]1C[C@@H]1CNCCCOc1ccc2ccc(=O)[nH]c2c1,412.92,EC50,3.399,70.855,20.85,Other Aliphatic/Heterocyclic
CHEMBL216258,,CN1CCCc2ccccc2Cc2[nH]c3ccccc3c2CC1,304.44,Ki,13.490,277.500,20.57,Other Aliphatic/Heterocyclic
CHEMBL2105760,BREXPIPRAZOLE,O=c1ccc2ccc(OCCCCN3CCN(c4cccc5sccc45)CC3)cc2[nH]1,433.58,Ki,0.510,10.420,20.43,Other Aliphatic/Heterocyclic
CHEMBL445102,,OC1(c2ccc(Cl)cc2)CCN(Cc2c[nH]c3ccccc23)CC1,340.85,IC50,4.460,90.400,20.27,Other Aliphatic/Heterocyclic
CHEMBL445102,,OC1(c2ccc(Cl)cc2)CCN(Cc2c[nH]c3ccccc23)CC1,340.85,EC50,4.460,90.400,20.27,Other Aliphatic/Heterocyclic
CHEMBL593744,,Cn1c(CN2CCC(c3ccc(Cl)cc3)CC2)nc2ccccc21,339.87,Ki,15.850,316.230,19.95,Other Aliphatic/Heterocyclic
CHEMBL4846866,,CN1CCN(Cc2ccc(OCCCCN3CCC(c4noc5cc(F)ccc45)CC3)cc2)CC1,480.63,Ki,1.900,37.600,19.79,Phenylpiperazine derivative
CHEMBL77744,,c1ccc(CCN2CCC(c3cc(C4CCCCC4)n[nH]3)CC2)cc1,337.51,Ki,61.000,1200.000,19.67,Other Aliphatic/Heterocyclic
CHEMBL1223683,,Clc1cccc(N2CCN(CCCCNc3ccc4ccccc4n3)CC2)c1Cl,429.40,Ki,0.600,11.800,19.67,Other Aliphatic/Heterocyclic
CHEMBL1172209,,CSc1ccc(C2(O)CCN(Cc3c[nH]c4ncccc34)CC2)cc1.O=C(O)C(=O)O,353.49,Ki,254.000,4938.000,19.44,Other Aliphatic/Heterocyclic
CHEMBL344602,,N#Cc1ccc2cc(CN3CCN(c4ccc(Cl)c(Cl)c4)CC3)[nH]c2c1,385.30,Ki,1700.000,33000.000,19.41,Other Aliphatic/Heterocyclic
CHEMBL326454,,CNc1cc(OC)c(C(=O)N[C@H]2CN(Cc3ccccc3)C[C@H]2C)cc1Cl,387.91,Ki,2.650,50.900,19.21,Other Aliphatic/Heterocyclic
CHEMBL3818128,,Cl.Fc1ccc(CCCCN2CCc3ccccc3C2)cc1,283.39,Ki,317.615,6007.000,18.91,Other Aliphatic/Heterocyclic
CHEMBL1803028,,COc1cc(CN2CCN(c3ccccc3OC)CC2)ccc1OCCCc1cn(CCOCCOCCn2cc(CCCOc3ccc(CN4CCN(c5ccccc5OC)CC4)cc3OC)nn2)nn1,989.23,Ki,3.250,61.000,18.77,Other Aliphatic/Heterocyclic
CHEMBL70267,,C1=C(c2nc3ccccc3o2)CCN(Cc2ccccc2)C1,290.37,Ki,240.000,4500.000,18.75,Other Aliphatic/Heterocyclic
CHEMBL3800165,,CCCN[C@@H]1Cc2cccc3c2n(c(=O)n3CCC)C1,273.38,EC50,40.500,739.550,18.26,Other Aliphatic/Heterocyclic
CHEMBL4533305,,O=C(CCCN1CCCN(c2ccccn2)CC1)c1ccc(F)cc1,341.43,Ki,190.265,3457.185,18.17,Other Aliphatic/Heterocyclic
CHEMBL127234,,COc1ccccc1N1CCN(Cc2ccccc2CNC(=O)/C=C/c2ccccc2)CC1,441.57,Ki,18.000,325.000,18.06,Phenylpiperazine derivative
CHEMBL379662,,COc1cccc2c1Cc1ccccc1CCN(C)CC2,281.40,Ki,101.950,1833.000,17.98,Other Aliphatic/Heterocyclic
CHEMBL4096353,,COc1ccccc1N1CCN(CCCC(=O)Nc2ccn3ncc(/C=N\O)c3c2)CC1,436.52,Ki,0.745,13.000,17.45,Phenylpiperazine derivative
CHEMBL3318847,,CN(CCC(=O)OC1(c2ccc(Cl)cc2)CCN(CCCC(=O)c2ccc(F)cc2)CC1)CCN(C)CCC(=O)OC1(c2ccc(Cl)cc2)CCN(CCCC(=O)c2ccc(F)cc2)CC1,947.99,Ki,2.700,47.000,17.41,Other Aliphatic/Heterocyclic
CHEMBL26120,,Cc1nn(C2CCN(Cc3cccc(C#N)c3)CC2)cc1-c1ccccc1,356.47,Ki,15.000,260.000,17.33,Other Aliphatic/Heterocyclic
CHEMBL1223682,,Cc1cccc(N2CCN(CCCCNc3ccccn3)CC2)c1C,338.50,Ki,12.000,207.000,17.25,Other Aliphatic/Heterocyclic
CHEMBL231374,,COc1ccc2c(c1)Cc1ccccc1CCCN(C)CC2,295.43,Ki,1396.000,23903.000,17.12,Other Aliphatic/Heterocyclic
CHEMBL1940406,,Fc1ccc(OCCCN2CCC(c3ccc(Cl)cc3)CC2)cc1,347.86,Ki,41.000,696.000,16.98,Other Aliphatic/Heterocyclic
CHEMBL77743,,c1ccc(CCN2CCC(c3cc(-c4cccs4)[nH]n3)CC2)cc1,337.49,Ki,65.000,1100.000,16.92,Other Aliphatic/Heterocyclic
CHEMBL5399720,,COc1ccc2nc(CCCN3CCC(c4ccccn4)CC3)sc2c1,367.52,Ki,427.000,7200.000,16.86,Other Aliphatic/Heterocyclic
CHEMBL78923,,Nc1nc(-c2ccc(Cl)cc2)cc(C2CCN(Cc3ccccc3)CC2)n1,378.91,Ki,8.600,140.000,16.28,Other Aliphatic/Heterocyclic
CHEMBL3318848,,CN(C)CCC(=O)OC1(c2ccc(Cl)cc2)CCN(CCCC(=O)c2ccc(F)cc2)CC1,475.00,Ki,1.850,30.000,16.22,Other Aliphatic/Heterocyclic
CHEMBL246637,,OC1(c2ccc(Cl)c(Cl)c2)CCN(Cc2c[nH]c3ccccc23)CC1,375.30,Ki,6.900,111.000,16.09,Other Aliphatic/Heterocyclic
CHEMBL4085282,,CN[C@@H]1Cc2cccc3c2n(c(=O)n3CCOCCOCCOCCCCc2ccccc2)C1,467.61,Ki,34.700,558.000,16.08,Other Aliphatic/Heterocyclic
CHEMBL378515,,COc1ccccc1N1CCN(Cc2cn3nc(Cl)ccc3n2)CC1,357.85,Ki,87.500,1400.000,16.00,Phenylpiperazine derivative
CHEMBL355566,,CNc1cc(OC)c(C(=O)NC[C@@H]2CN(Cc3ccccc3)C[C@@H]2C)cc1Cl,401.94,Ki,36.000,570.000,15.83,Other Aliphatic/Heterocyclic
CHEMBL165664,,c1ccc(N2CCN(C[C@H]3CC[C@H](Nc4ncccn4)CC3)CC2)cc1,351.50,Ki,5.700,89.000,15.61,Other Aliphatic/Heterocyclic
CHEMBL4863832,,COc1ccc(F)cc1[C@H]1C[C@@H]1CNCCCOc1ccc2ccc(=O)[nH]c2c1,396.46,EC50,4.097,63.665,15.54,Other Aliphatic/Heterocyclic
CHEMBL405260,,FCCOc1ccccc1N1CCN(Cc2cc3ccccn3n2)CC1,354.43,Ki,62.500,940.000,15.04,Phenylpiperazine derivative
CHEMBL3318824,,CCC(=O)OC1(c2ccc(Cl)cc2)CCN(CCCC(=O)c2ccc(F)cc2)CC1,431.94,Ki,2.750,41.000,14.91,Other Aliphatic/Heterocyclic
CHEMBL4091933,,O=C1CCc2ccc(OCCCCN3CCN(c4ccc(O)c5c4OCCO5)CC3)cc2N1,453.54,Ki,2.550,38.000,14.90,Other Aliphatic/Heterocyclic
CHEMBL1803052,,CCOCCn1cc(CCCOc2ccc(CN3CCN(c4ccccc4OC)CC3)cc2OC)nn1,509.65,Ki,17.000,250.000,14.71,Other Aliphatic/Heterocyclic
CHEMBL397207,,COc1cc2c(cc1OC)Cc1ccccc1CCCN(C)CC2,325.45,Ki,1028.000,14830.000,14.43,Other Aliphatic/Heterocyclic
CHEMBL4063235,,COc1ccccc1N1CCN(CCCCOc2ccn3ncc(C#N)c3c2)CC1,405.50,Ki,0.205,2.900,14.15,Phenylpiperazine derivative
CHEMBL477646,,O=C1c2ccccc2CCN1CCCCN1CCN(c2cccc(Cl)c2Cl)CC1,432.40,Ki,11.480,162.180,14.13,Phenylpiperazine derivative
CHEMBL1170879,,O=C(O)C(=O)O.OC1(c2ccc(Br)cc2)CCN(Cc2c[nH]c3ncccc23)CC1,386.29,Ki,212.000,2983.000,14.07,Other Aliphatic/Heterocyclic
CHEMBL4865907,,CN1CCN(Cc2ccc(OCCCN3CCC(c4noc5cc(F)ccc45)CC3)cc2)CC1,466.60,Ki,1.700,23.200,13.65,Phenylpiperazine derivative
CHEMBL91669,,Cn1c(-c2ccccc2)cn(C2CCN(Cc3ccccc3)CC2)c1=O,347.46,Ki,11.000,150.000,13.64,Other Aliphatic/Heterocyclic
CHEMBL1173366,,O=C(O)C(=O)O.OC1(c2ccc(Br)cc2)CCN(Cc2c[nH]c3ccc(OCCF)cc23)CC1,447.35,Ki,13.800,188.000,13.62,Other Aliphatic/Heterocyclic
CHEMBL211118,,COc1ccccc1N1CCN(Cc2cn3cc(C)cc(N4CCOCC4)c3n2)CC1,421.55,Ki,155.000,2100.000,13.55,Phenylpiperazine derivative
CHEMBL328667,,O=C(Nc1nccc2ccccc12)NC1CCN(Cc2ccccc2)CC1,360.46,Ki,150.000,2000.000,13.33,Other Aliphatic/Heterocyclic
CHEMBL316125,,Cc1c(-c2ccccc2)nc(O)n1C1CCN(CC2CCCCC2)CC1,353.51,Ki,83.000,1100.000,13.25,Other Aliphatic/Heterocyclic
CHEMBL1803029,,COc1cc(CN2CCN(c3ccccc3OC)CC2)ccc1OCCCc1cn(CCOCCOCCOCCn2cc(CCCOc3ccc(CN4CCN(c5ccccc5OC)CC4)cc3OC)nn2)nn1,1033.28,Ki,5.500,72.000,13.09,Other Aliphatic/Heterocyclic
CHEMBL434665,,CCCN[C@@H]1Cc2cccc3nc(O)n(c23)C1,231.30,Ki,2.780,36.000,12.95,Other Aliphatic/Heterocyclic
CHEMBL91821,,Cc1nc(O)n(C2CCN(Cc3ccccc3)CC2)c1-c1ccccc1,347.46,Ki,280.000,3600.000,12.86,Other Aliphatic/Heterocyclic
CHEMBL238718,,O=c1c2ccccc2ncn1CCCCN1CCN(c2ccc(Cl)cc2)CC1,396.92,Ki,140.000,1780.000,12.71,Phenylpiperazine derivative
CHEMBL4083239,,O=C1CCc2ccc(OCCCCN3CCN(c4ccc(O)c5[nH]c(=O)ccc45)CC3)cc2N1,462.55,Ki,0.945,12.000,12.70,Other Aliphatic/Heterocyclic
CHEMBL1257688,,O=C(CCCN1CCC(O)(c2cc3ccc2CCc2ccc(cc2)CC3)CC1)c1ccc(F)cc1,471.62,Ki,4.200,53.000,12.62,Other Aliphatic/Heterocyclic
CHEMBL3318845,,CC(=O)OC1(c2ccc(Cl)cc2)CCN(CCCC(=O)c2ccc(F)cc2)CC1,417.91,Ki,4.500,56.000,12.44,Other Aliphatic/Heterocyclic
CHEMBL394779,,CN1CCCc2ccccc2Cc2cc(O)ccc2CC1,281.40,Ki,63.000,776.000,12.32,Other Aliphatic/Heterocyclic
CHEMBL399396,,CCOC(=O)C1(c2ccc(Cl)cc2)CCN(Cc2c[nH]c3ccccc23)CC1,396.92,Ki,58.800,724.000,12.31,Other Aliphatic/Heterocyclic
CHEMBL398368,,CCCCCCOc1ccc(C2(O)CCN(Cc3c[nH]c4ccccc34)CC2)cc1,406.57,Ki,159.000,1950.000,12.26,Other Aliphatic/Heterocyclic
CHEMBL1223680,,Fc1ccccc1N1CCN(CCCCNc2ccccn2)CC1,328.43,Ki,11.000,133.000,12.09,Phenylpiperazine derivative
CHEMBL245614,,COc1ccc(C2(O)CCN(Cc3c[nH]c4ccccc34)CC2)cc1,336.44,Ki,177.000,2130.000,12.03,Other Aliphatic/Heterocyclic
CHEMBL3753266,,CN1CCc2ccccc2Cc2sc3ccccc3c2CC1,307.46,Ki,1.500,18.000,12.00,Other Aliphatic/Heterocyclic
CHEMBL12713,SERTINDOLE,O=C1NCCN1CCN1CCC(c2cn(-c3ccc(F)cc3)c3ccc(Cl)cc23)CC1,440.95,Ki,0.450,5.400,12.00,Other Aliphatic/Heterocyclic
CHEMBL1223681,,Cc1ccccc1N1CCN(CCCCNc2ccccn2)CC1,324.47,Ki,32.000,383.000,11.97,Phenylpiperazine derivative
CHEMBL389356,,CN1CCCc2cc(O)ccc2Cc2ccccc2CC1,281.40,Ki,518.000,6122.000,11.82,Other Aliphatic/Heterocyclic
CHEMBL561763,,CSc1ccccc1N1CCN(CCCNC(=O)c2cnn3ccccc23)CC1,409.56,Ki,2.200,26.000,11.82,Phenylpiperazine derivative
CHEMBL5274672,,Cn1c(CCCN2CCN(c3cccc(Cl)c3Cl)CC2)nc(-c2ccccc2)c1C(=O)NC(C)(C)C,528.53,IC50,162.180,1905.460,11.75,Other Aliphatic/Heterocyclic
CHEMBL3234539,,CCN1C(=O)c2ccccc2[S@+]([O-])c2ccc(C(=O)N[C@H](C)c3ccc4ccccc4c3)cc21,468.58,Ki,290.000,3400.000,11.72,Other Aliphatic/Heterocyclic
CHEMBL1223617,,FC(F)(F)c1cccc(N2CCN(CCCCNc3ccccn3)CC2)c1,378.44,Ki,17.000,198.000,11.65,Other Aliphatic/Heterocyclic
CHEMBL1803049,,CCCCn1cc(CCCOc2ccc(CN3CCN(c4ccccc4OC)CC3)cc2OC)nn1,493.65,Ki,53.000,610.000,11.51,Other Aliphatic/Heterocyclic
CHEMBL238717,,O=c1c2ccccc2ncn1CCCCN1CCN(c2ccccc2)CC1,362.48,Ki,46.000,527.000,11.46,Phenylpiperazine derivative
CHEMBL1642118,,CC1CC(=O)c2ccc(N3CCN(C)CC3)cc2N1S(=O)(=O)c1ccc2ccccc2c1,449.58,IC50,136.000,1520.000,11.18,Other Aliphatic/Heterocyclic
CHEMBL109912,,CNc1cc(OC)c(C(=O)N[C@H]2CCN(Cc3ccccc3)C[C@@H]2C)cc1Cl,401.94,Ki,23.500,261.500,11.13,Other Aliphatic/Heterocyclic
CHEMBL4079093,,Cl.O=C(NCCCCN1CCN(c2cccc(Cl)c2Cl)CC1)Oc1ccc(-c2ccccc2)cc1,498.45,EC50,135.000,1500.000,11.11,Phenylpiperazine derivative
CHEMBL5287555,,CN(C[C@@H]1C[C@H]1CCNC(=O)c1cc2ccccc2[nH]1)[C@@H]1Cc2cccc3[nH]c(=O)n(c23)C1,443.55,Ki,9.560,106.000,11.09,Other Aliphatic/Heterocyclic
CHEMBL354180,,CNc1cc(OC)c(C(=O)NC[C@@H]2CN(Cc3ccccc3)C[C@H]2C)cc1Cl,401.94,Ki,19.000,210.000,11.05,Other Aliphatic/Heterocyclic
CHEMBL4064186,,O=C1CCc2ccc(OCCCCN3CCN(c4ccc(O)c5ncccc45)CC3)cc2N1,446.55,Ki,2.450,27.000,11.02,Other Aliphatic/Heterocyclic
CHEMBL1803027,,COc1cc(CN2CCN(c3ccccc3OC)CC2)ccc1OCc1cn(CCOCCOCCn2cc(COc3ccc(CN4CCN(c5ccccc5OC)CC4)cc3OC)nn2)nn1,933.12,Ki,3.350,36.000,10.75,Other Aliphatic/Heterocyclic
CHEMBL297302,BENPERIDOL,O=C(CCCN1CCC(n2c(=O)[nH]c3ccccc32)CC1)c1ccc(F)cc1,381.45,Ki,0.027,0.290,10.74,Other Aliphatic/Heterocyclic
CHEMBL1087300,,CN1CCc2ccccc2Cc2c[nH]c3cccc(c23)CC1,290.41,Ki,4.000,42.900,10.72,Other Aliphatic/Heterocyclic
CHEMBL2393244,,Cl.Fc1cccc(Nc2nc(Cc3ccccc3)nc3c2CCNCC3)c1,348.43,IC50,63.300,674.300,10.65,Other Aliphatic/Heterocyclic
CHEMBL382010,,CN1CCc2ccccc2Cc2cc(O)ccc2CC1,267.37,Ki,27.950,296.000,10.59,Other Aliphatic/Heterocyclic
CHEMBL4463034,,COc1ccc2[nH]cc(C3=CCN(Cc4cc(=O)[nH]c5ccccc45)CC3)c2c1,385.47,Ki,58.000,614.000,10.59,Other Aliphatic/Heterocyclic
CHEMBL4102620,,COc1cc(OC(=O)NCCCCN2CCN(c3ccccc3OC)CC2)ccc1-c1cccc(C(N)=O)c1,532.64,EC50,10.400,109.650,10.54,Other Aliphatic/Heterocyclic
CHEMBL397770,,OC1(c2cccc(Cl)c2Cl)CCN(Cc2c[nH]c3ccccc23)CC1,375.30,Ki,26.100,273.000,10.46,Other Aliphatic/Heterocyclic
CHEMBL4862770,,COc1ccc(Cl)cc1[C@H]1C[C@@H]1CNCCCCOc1ccc2c(c1)NC(=O)CC2,428.96,EC50,6.454,67.500,10.46,Other Aliphatic/Heterocyclic
CHEMBL393027,,OC1(c2ccc(Cl)cc2)CCCN(Cc2c[nH]c3ccccc23)CC1,354.88,Ki,201.000,2100.000,10.45,Other Aliphatic/Heterocyclic
CHEMBL389559,,CN1CCCc2ccccc2Cc2ccc(O)cc2CCC1,295.43,Ki,382.000,3964.000,10.38,Other Aliphatic/Heterocyclic
CHEMBL184049,,COc1ccc2c(c1)OCCN(C)CCc1ccccc1C2,297.40,Ki,158.000,1601.000,10.13,Other Aliphatic/Heterocyclic
CHEMBL208274,,COc1ccccc1N1CCN(Cc2cn3cc(C)cc(-c4ccccc4)c3n2)CC1,412.54,Ki,38.500,390.000,10.13,Phenylpiperazine derivative
CHEMBL98965,,CCc1c(S(=O)(=O)Nc2ccc3nccc(N4CCNCC4)c3c2)sc2ccc(Cl)cc12,487.05,Ki,1000.000,10000.000,10.00,Other Aliphatic/Heterocyclic
