gene_symbol,protein_name,cell_type,function,subcellular,autoimmunity_evidence,uniprot_id,topology,autoantigen_score
NFASC,Neurofascin-155 (NF155),Satellite Glial Cell / Paranodal Glia,Glial-axonal cell adhesion molecule at paranodes and SGC-somatic contacts,Plasma Membrane (Large extracellular Ig & FnIII domains),High (Established target of IgG4/IgG1 autoantibodies in CIDP & nodopathies),O94856,"Single-pass Type I, ~1000 aa Extracellular Ectodomain",95
CD40,CD40 TNF Receptor Superfamily Member 5,"Glial & Immune Cells (SGC, B cells, Monocytes)",Co-stimulatory immune-glial receptor; drives B-cell activation & autoantibody production,Plasma Membrane (Extracellular TNFR domains 1-4),Very High (af Ekenstam 2026: CD40/CD40L & anti-SGC IgG elevated in FM),P25942,"Single-pass Type I, ~170 aa Extracellular Ectodomain",95
GJA1,Connexin-43 (Cx43),Satellite Glial Cell (SGC),Gap junction channel coupling SGCs; releases ATP/glutamate during neuroinflammation,Plasma Membrane (Extracellular loops EL1 & EL2),High (Cx43 autoantibodies implicated in neuropathic pain & autoimmune glial disease),P17302,"4 TM domains, 2 Extracellular Loops (EL1: ~35 aa, EL2: ~45 aa)",85
KCNJ10,Kir4.1 Inward Rectifier K+ Channel,Satellite Glial Cell (SGC),Glial K+ buffering and resting membrane potential control in DRG SGCs,Plasma Membrane (Extracellular loop between TM1-TM2),High (Validated autoantigen target in autoimmune CNS/PNS demyelination),P78508,"2 TM domains, 1 Extracellular Pore Loop (~40 aa)",85
SCN9A,NaV1.7 Voltage-Gated Sodium Channel,DRG C-fiber Nociceptor,Primary action potential initiator in small-diameter nociceptive neurons,Plasma Membrane (Extracellular pore loops S5-S6 in domains I-IV),High (Auto-IgG binding to NaV1.7 extracellular loops induces mechanical pain),Q15858,"24 TM domains, 4 Extracellular Pore Loops",85
SLC1A3,EAAT1 / GLAST (Glutamate Transporter 1),Satellite Glial Cell (SGC),Glutamate reuptake from DRG neuronal somata to prevent excitotoxicity,Plasma Membrane (Multiple extracellular loops),Moderate (Glial transporter autoantibodies reported in encephalitis),P43003,"8 TM domains, Extracellular Loops (EL2: ~80 aa)",80
MRGPRX2,Mas-Related G-Protein Coupled Receptor X2,Mast Cells (and DRG Sensory Neurons),"Non-IgE receptor for basic secretagogues, substance P, and auto-IgG activation",Plasma Membrane (Extracellular N-term & ECL1-3),High (Sanchez 2025 bioRxiv: IgG-FM engages MRGPRX2 to induce mast cell IL-6),Q96LB1,"7 TM GPCR, 3 Extracellular Loops + N-terminus",80
SCN10A,NaV1.8 Voltage-Gated Sodium Channel,DRG C-fiber Nociceptor,Sustained action potential firing in nociceptors,Plasma Membrane (Extracellular loops),Moderate (Involved in auto-IgG induced hyperexcitability),Q9UI33,"24 TM domains, 4 Extracellular Pore Loops",75
TRPV1,TRPV1 Transient Receptor Potential Vanilloid 1,DRG Nociceptor,Thermal & chemical nociception,Plasma Membrane (Extracellular pore loop S5-S6),Moderate (Sensitized downstream of SGC/Mast cell IL-6 & tryptase),Q8NER1,"6 TM domains, 1 Extracellular Pore Loop",70
