,B_cells,T_cells_CD4,T_cells_CD8,T_cells_Treg,NK_cells,Monocytes,Dendritic_cells,Neutrophils,Eosinophils,Basophils,Mast_cells,Platelets
Sample_268,0.008025098557862894,0.039384636366394395,0.34572022349872417,0.0006970555308638564,0.3739936754899981,0.16874971220034393,0.007813189183394504,0.04178005555476006,0.0015706895998799562,0.0,0.0,0.012265664017778066
Sample_270,0.008096825918211408,0.03868898192294975,0.09322218620011952,0.0013830746546814418,0.08964809790863407,0.5779241946322912,0.03145428659188993,0.12187862736136362,3.866321431519201e-05,0.0,0.0,0.03766506159554401
Sample_272,0.030345527164886484,0.08550859861032616,0.06522021971261807,0.002353238742189558,0.06599047745947989,0.5283937139151703,0.02507518643309745,0.15718663133781005,3.562256972985393e-06,0.0,0.0,0.03992284436744907
Sample_274,0.009420852595383571,0.04808916404891609,0.0714269583849999,0.005619690541065856,0.07620495714728892,0.5213949473913314,0.032802218784846314,0.12305821529966766,6.547663734072266e-05,0.0,0.0,0.11191751916915942
Sample_278,0.021387052484360895,0.10216667914280403,0.11260544761327644,0.0023691513513742096,0.12413888834864055,0.5074015960100925,0.015155662060569541,0.09813474586039514,0.0011068956746768915,0.0,0.0,0.015533881453809743
Sample_282,0.012805600397656904,0.05101297516181952,0.14554787872304303,0.001970238889395537,0.2459899429623491,0.3824919269951615,0.06193307237378782,0.05823174222201371,0.0008083399309139664,0.0,0.0,0.03920828234385895
Sample_284,0.03235032080863564,0.06815929867834968,0.10058587904446781,0.00199954418507706,0.16692879122122303,0.42148944464012883,0.02742074159580687,0.13635549116279724,0.003059637146642039,0.0,0.0013230238607381437,0.04032782765613355
Sample_286,0.015655690952900217,0.038464776993530105,0.07914104494620175,0.003935666539160965,0.11461451873833428,0.4830545010184973,0.03495733291338223,0.13969615161224663,0.00011850996592589271,0.0,0.0,0.09036180631982053
Sample_288,0.007423776964497967,0.04930628608920077,0.07194371164432525,0.003368052311719594,0.11287368925057152,0.5089145872385241,0.09505909603219517,0.0785287294065595,0.00031053138571812846,0.0,0.0,0.07227153967668802
Sample_290,0.030185858385429466,0.09365937922856345,0.24278573059947406,0.005657831786635288,0.39604248128512953,0.11111334417018778,0.041109651546292154,0.0644848415599953,5.371413905136904e-05,0.0,0.0,0.014907167299241603
Sample_292,0.10037364465197308,0.19863703448353395,0.16446001729073012,0.004230146685227347,0.26108717877581306,0.13073604149967158,0.034396078336325825,0.04149445322905723,0.00017223195402587486,0.0,0.0006076901770504312,0.06380548291659163
Sample_304,0.03903566545623394,0.10200744306588386,0.10018623680557855,0.000593320820749158,0.1029316696818843,0.4684196634691282,0.04279049368804877,0.10618235422437185,0.0005190124884053003,0.0,0.0,0.03733414029971597
Sample_306,0.01286817117175387,0.05992606874306315,0.22909365471071266,0.0010477770729803006,0.3821661995521106,0.16536013577456246,0.06364383273743307,0.04974352680885519,5.613026213115691e-05,0.0,0.0,0.036094503166397486
Sample_308,0.015441712602125084,0.10151579515439994,0.11295060342047933,0.0026550918166276796,0.1614880512803693,0.31040160506469144,0.07842897961656761,0.11691130619970633,1.6130532673864835e-05,0.0,0.0,0.1001907243123594
Sample_310,0.01586030969254444,0.07623379322955523,0.13094263593669506,0.00448702069356706,0.1694602347151602,0.45348051561295594,0.02014684923782673,0.06714007650651692,0.0011097554265227664,0.0,0.0,0.06113880894865575
Sample_312,0.02188877171007574,0.06014761079868821,0.09411042113961836,0.004698786099545252,0.12074902786293636,0.4498281741714378,0.021749730751797862,0.058288238476088286,0.00282276442007917,0.0,0.0,0.165716474569733
Sample_314,0.021504776634762107,0.03903095757575383,0.07497189649413269,0.004024850914564088,0.09926748688177776,0.48370190491055975,0.05700069132519519,0.10187240474078832,2.5972693984743656e-05,0.0,0.0,0.11859905782848146
Sample_316,0.017469905837231483,0.08464407414570145,0.06749861539412924,0.0034223044416352537,0.07827468331883328,0.5765752610763869,0.02704856848306213,0.07758852481140459,0.00012198744942533748,0.0,0.0,0.06735607504219031
Sample_318,0.016173452379526398,0.06991880249682422,0.15888928986791942,0.002230876774509023,0.19418350796126663,0.405468777270959,0.05153564243810336,0.06435893826568767,0.0008689226677239251,0.0,0.0,0.0363717898774804
Sample_320,0.048385734928602625,0.08874671739140785,0.04541274774217102,0.003073120255558464,0.06398425959903684,0.5823346462272305,0.02694717703589409,0.08130129611931114,7.227742898533358e-06,0.0,0.0,0.05980707295788902
Sample_322,0.03867522924516708,0.053131703080526324,0.12279833464728658,0.0015003738712480036,0.16720041193612545,0.3479066766692358,0.03385159597716046,0.06459257634262638,5.948509015940197e-05,0.0,0.0,0.17028361314046442
Sample_324,0.0230539374822878,0.08186976300415766,0.07402585210828133,0.0038441863869558214,0.12201253145996341,0.522137113268974,0.046696271051770835,0.100531046839894,0.00012263137771381584,0.0,0.0,0.02570666702000144
Sample_326,0.01735414430814652,0.07584619752951174,0.10470217221466561,0.00240397202807211,0.12428107103962528,0.46175409139881435,0.03521098566914099,0.06069020162412978,0.00039758184638493326,0.0,0.0,0.11735958234150867
Sample_328,0.014638983411137809,0.057781070888916625,0.07337158870852828,0.00178956627281638,0.08840267996041713,0.5467904476055686,0.05565751583364449,0.10335206832282849,0.0001453257436302319,0.0,0.0,0.0580707532525117
Sample_330,0.02741893328872288,0.04087856431406166,0.16898248900942286,0.005175734824600213,0.3501317339060419,0.28376289413559747,0.03612262693116394,0.06395196507801398,0.0005330033911929762,0.0,0.0,0.023042055121182004
Sample_332,0.08529328269144369,0.07864570209839607,0.233511726134335,0.003475015702062608,0.34728576688425394,0.13371550847423538,0.05557546595496772,0.041011327650006764,0.0004087342954074712,0.0,0.0,0.02107747011489131
Sample_334,0.09026593253204143,0.05713565278456667,0.22383267332256773,0.005158507073215127,0.2571896878020776,0.2628708597587626,0.0480795667090146,0.042606815732269945,0.001617634853031768,0.0,0.0,0.01124266943245258
Sample_352,0.0854817248823316,0.06265759161880859,0.1609957582888117,0.006174358982440951,0.3174251229245219,0.15193922659680076,0.15319988318708921,0.03868365128253282,0.0030594585083164225,0.0,0.0,0.020383223728345945
Sample_354,0.021164644801083963,0.04118931585463975,0.2677652840458485,0.0026698356133308277,0.5490208995639646,0.05572143377845843,0.027482766213112752,0.028814650985443134,0.0012565741299562813,0.0,0.0,0.004914595014161661
Sample_356,0.07017508483604004,0.08689462140827241,0.18547213561069884,0.005376972409100118,0.3430243653044797,0.17964681442656466,0.05909406056229436,0.044489631264046856,0.0015979498546044887,0.0,0.006699605070342724,0.017528759253555626
Sample_358,0.049241622512699694,0.05169232804431814,0.10174146774979376,0.004223316582154249,0.47527692889787615,0.12814171587400067,0.08078503699732087,0.05430633236185517,0.016981858140150595,0.0,0.016504266834350897,0.021105126005479674
Sample_360,0.054108907917246936,0.02679082282493097,0.2303052836219446,0.0013258366079610185,0.4882582338243404,0.13621507270508298,0.03377759822319706,0.023455725815019746,5.6293238876971776e-05,0.0,0.0,0.00570622522139923
Sample_362,0.038863709281159516,0.049199870627625174,0.1097213990267919,0.0027471447337631084,0.1838880770299635,0.34437620397743157,0.11649046291295603,0.12204252988439057,0.0009857444521184974,0.0,0.0,0.031684858073800316
Sample_364,0.03537655567193547,0.18553684935190576,0.14037172328555259,0.002048355606969329,0.2551765766395439,0.20612414536907045,0.09388602830936843,0.05008951962578549,0.00010874446795141712,0.0,0.0,0.03128150167191712
Sample_366,0.018203026110633243,0.07960079364249825,0.1788695453678676,0.004228843524277427,0.32548723904943583,0.20817984608635293,0.02744269822248813,0.06632254652291614,0.0,0.0,0.0,0.09166546147353051
Sample_368,0.012211159661657164,0.14128795741053518,0.020362842696150855,0.001960795160379605,0.28854327570897575,0.37937045380096734,0.0786200704515433,0.062239035167661966,0.00014828155585638859,0.0,0.0,0.015256128386272393
Sample_370,0.002474441680392725,0.021374937770423767,0.04095445226459147,0.0002353461461910508,0.04885746100619105,0.5256387073327329,0.02630654049029452,0.3292131123635039,0.000555460540556365,0.0,0.0,0.004389540405122367
Sample_372,0.01407798743322155,0.04106889386539877,0.061189212053505256,0.001937999082343681,0.09810048401721924,0.4631117753840971,0.06652163849823975,0.21952150927902225,0.0009525809879505408,0.0,0.0,0.033517919399001804
Sample_374,0.00575087447608482,0.03725158863806264,0.08207106802314776,0.0011179742656923445,0.12090851342564417,0.47392159689114555,0.07476576330569068,0.1560267595995899,4.222430343630543e-05,0.0,0.0,0.04814363707150566
Sample_376,0.008133338918097768,0.03221577989902132,0.029796932329215077,0.0007456487329240606,0.0704560883358865,0.6136961513629412,0.06720456374815167,0.14231265500491377,7.354027277202116e-05,0.0,0.0,0.03536530139607665
Sample_378,0.0048768016726677315,0.04543598224355102,0.10149193093970516,0.0016708932390390673,0.10251020789645203,0.3760038854248703,0.06583297952831078,0.23592833676607144,0.00013221607200345286,0.0,0.0,0.06611676621732913
Sample_380,0.008510564300420225,0.02971718202870683,0.04367152219684227,0.0005041484837626994,0.06340503020930918,0.5242422075807318,0.07428511381906802,0.1973696207012298,0.00013747118581252234,0.0,0.0,0.058157139494116536
Sample_382,0.004304669000120623,0.03397479937649169,0.06469076676525497,0.000815681677145525,0.07102415853040393,0.47535729323515213,0.0592672055037471,0.2675291815157965,0.0010010194859762522,0.0,0.0,0.022035224909911322
Sample_389,0.005472473394863587,0.041783184469205696,0.05801653448344912,0.0019141575105907907,0.07610905796179353,0.4854381417104329,0.044587464182419184,0.2693772590711137,0.00022444622079029273,0.0,0.0,0.017077280995341292
Sample_391,0.022711945537068515,0.13786090413216387,0.12357024925925329,0.003911608011481992,0.17056592236633572,0.32932906393425754,0.033923840908924134,0.14659755492853926,0.0015552930178066176,0.0,0.0,0.029973617904169025
Sample_393,0.01000673828362892,0.10680389657828834,0.07787537460866134,0.0047026140094442335,0.09217309953354744,0.42562444716222814,0.08842665096878019,0.1845327413687976,0.00035113390532364423,0.0,0.0,0.009503303581300224
Sample_395,0.011937609339647664,0.03800211693546082,0.06290383677438083,0.0024179699540242522,0.12499777530599887,0.3396206145241209,0.12165381950328127,0.2659040488889071,0.001006008183939255,0.0,0.0,0.031556200590239177
Sample_397,0.02237102615646132,0.05281626184771416,0.10283726294919307,0.0031377064170325596,0.12948713217718477,0.5235202068173058,0.026944683994739226,0.10621317166674246,0.0019260883549793986,0.0,0.0,0.03074645961864709
Sample_399,0.02036662901955392,0.045128520478921755,0.07954950946524131,0.0007019626760567947,0.09337120070601311,0.4090709269493576,0.061809960332477765,0.11095392804130115,1.328238683029848e-05,0.0,0.0,0.1790340799442463
Sample_401,0.0070659038165607055,0.04089690496003904,0.08655239919299655,0.0013430907733910649,0.11604471952774015,0.5273813894179126,0.031483673581441884,0.12059148180960139,0.00014614006685120307,0.0,0.0,0.06849429685346532
Sample_403,0.01802584502865472,0.0450111136972036,0.09410840280129769,0.003391666683666277,0.14133977546067494,0.46012128536948244,0.062396790092726265,0.12625269018981608,0.0015825156939493947,0.0,0.0,0.04776991498252861
Sample_405,0.03824481883704115,0.2322958154765726,0.17675081761779204,0.0036580903629492845,0.2081802234424705,0.24539081466795148,0.029099161398237934,0.04881928500045877,0.00038052190425030705,0.0,0.0,0.017180451292275977
Sample_407,0.044483373080866834,0.07601065326566145,0.2488911609573508,0.009185845280385088,0.4119199239917605,0.07934969396901043,0.05660138484793202,0.04204271382187924,0.00018384444084112688,0.0,0.0,0.03133140634431235
Sample_409,0.0302809961715602,0.12224362160376544,0.08716739462861708,0.004546835602870068,0.12537127911077148,0.39591403700980193,0.03051755529495213,0.09160623042675023,0.003983370583132114,0.0,0.0037403810375277687,0.10462829853025156
Sample_411,0.014644717217381104,0.04503017728548955,0.1037954200085947,0.002639936653659826,0.14595573872077208,0.45800320783911996,0.046036674787991914,0.11873059834755888,0.002029548907419282,0.0,0.0,0.06313398023201275
Sample_413,0.035142581056923784,0.06586351674107857,0.0976898957867409,0.001634770113797866,0.17084550804225188,0.3439105197391916,0.11694024497784501,0.1002156003077262,0.0013142228996320439,0.0,0.0,0.06644314033481219
Sample_415,0.018366144426654168,0.06249544835758294,0.0853336122821385,0.007384384349205424,0.1334580874804427,0.4754951303515098,0.053963004197196345,0.1404102960517595,0.00012998847784076472,0.0,0.0,0.022963904025669928
Sample_417,0.01421498644035766,0.0575505276420147,0.12936075521307225,0.0030889403019815,0.1945556319787996,0.3643519257582968,0.03819543313299016,0.11020898053581119,0.0015005700117817578,0.0,0.0,0.08697224898489467
Sample_419,0.016371199252266152,0.029166079313124354,0.08182988945142686,0.004628638743699712,0.08570922918463604,0.5429401887293985,0.03636461354987649,0.15769089243288537,0.0015702670535427412,0.0,0.0,0.04372900228914378
Sample_421,0.012661522043123407,0.04205982815428471,0.07238429011082007,0.0015764859562809623,0.08394521751448296,0.5656242710697644,0.0272306351582295,0.14070859552702586,0.001451504556746235,0.0,0.002023000310763593,0.050334649598478304
Sample_423,0.02004219678044946,0.03272031217062213,0.09946856016588052,0.0029800563515884463,0.12039727963011122,0.5809130509170796,0.03234725038530913,0.08781889677456708,0.00030276060318956433,0.0,0.0,0.023009636221202917
Sample_425,0.015580518373414398,0.11406598678184775,0.2166493436612744,0.006500380376227956,0.3006634864749895,0.20589953858355312,0.036691660186251314,0.054165276560857276,0.003584735555334548,0.0,0.011820740498864604,0.03437833294738496
Sample_427,0.03971114257716372,0.21751760686064447,0.16275756519145435,0.011078504205997807,0.17467664567878738,0.2472697360123079,0.029437586842215438,0.07349555100299178,0.002432956682691706,0.000353757785296724,0.0024465462056724135,0.038822400954776286
Sample_429,0.01991523822428506,0.08790121692562299,0.10308724042575992,0.004443323878666012,0.12974504716382232,0.3858127660284668,0.04952596218872705,0.15781310095398,9.677497594009071e-05,0.0,0.0,0.06165932923472973
Sample_431,0.015615939120228265,0.04699286350704786,0.14073045285349894,0.0031204255698171045,0.17946999462418642,0.4488432350199549,0.03633403778902064,0.0943007849590269,0.001229773018673452,0.0,0.0,0.03336249353854552
Sample_433,0.011495510435963918,0.059666702821800775,0.08365597181281342,0.0014587964177267313,0.1112230006883023,0.5706801600185074,0.030610174245507694,0.09901452530398547,0.0009439908632206998,0.0,0.0,0.03125116739217152
Sample_435,0.009787458111069462,0.06452924557579003,0.0357314578690625,0.0019646665015875236,0.05827187225745063,0.6219622009118176,0.02994140841383588,0.13860803858663437,0.00024347373535449487,0.0,0.0,0.038960178037397424
Sample_437,0.02730095613549337,0.11584432661288642,0.10532339624043897,0.005062765252791872,0.17462815998964806,0.39726076395051485,0.046026467300837696,0.07547202355589469,0.00011212375497581808,0.0,0.0,0.052969017206518317
Sample_439,0.16395811729772708,0.14765559305484646,0.05914590868624249,0.001096876667016697,0.117971659496232,0.25195969969398,0.02794401383247316,0.07614177658932066,0.00039940290032781256,0.0,0.0,0.15372695178183365
Sample_441,0.042949326495745024,0.11116161352590531,0.14846898963088673,0.0052907849624017475,0.22859427534870602,0.2301032704236896,0.0820290143158904,0.08331745120013448,5.354034094753235e-05,0.0,0.0,0.068031733755693
Sample_443,0.02187975721890316,0.07023354003307213,0.1014489949665275,0.0021714209709572793,0.1139304430415344,0.5142236283472262,0.03935258402322314,0.08891656529416844,0.00015653896657378318,0.0,0.0,0.047686527137813815
Sample_445,0.022627852982161738,0.07052177280693447,0.089287850766147,0.0021846339090459467,0.11662307225084041,0.32260391803956734,0.1383832723163498,0.16836089191837497,0.0011274857587012092,0.0,0.0,0.06827924925187713
Sample_447,0.009786225477168817,0.047087950230971315,0.05838153583275209,0.005015106857654552,0.08579717556559113,0.46463935062355805,0.07230584684236682,0.16551357031100405,0.001667603835723876,0.0,0.0,0.08980563442320919
Sample_449,0.024955762361370485,0.14094831371274197,0.0613583193481073,0.0014937746248491742,0.10541303726958443,0.49168606851431224,0.04322184702923403,0.10768724103411627,0.0007740575692543521,0.0,0.0012127066258545566,0.021248871910575316
Sample_451,0.011605882205050207,0.05249977064095692,0.11150575867544422,0.002749427027641701,0.2628145220568736,0.3160916000846263,0.04108150177544428,0.1011216736426636,0.0011455024765935169,0.0,0.0,0.0993843614147056
Sample_453,0.043968061583122164,0.08204544051193526,0.07864046211132629,0.004667784448695479,0.08180077577690263,0.5470409276562549,0.02534530536464299,0.09671518517678486,0.0014782639519915308,0.0,0.0,0.03829779341834393
Sample_455,0.015111680797879529,0.06055449075880848,0.060944722682063614,0.002356618768320662,0.10017822592167099,0.5197543370674755,0.07351619242866304,0.1115421413408154,0.0020446071825482074,0.0,0.0,0.05399698305175448
Sample_457,0.012592920592785753,0.05222169551682472,0.05247955225861689,0.002155094117961061,0.08265399347242833,0.5418202634093718,0.02837061656336361,0.10766430747399557,0.0012336322727174432,0.0,0.0,0.1188079243219348
Sample_459,0.008466301447429249,0.025993944294507534,0.03120768433584713,0.0013835405980014569,0.043066637693607836,0.6807208899867228,0.024913120210702525,0.08877739034882534,0.0010238929452552525,0.0,0.0,0.09444659813910074
Sample_461,0.014309637772219828,0.035123056511962236,0.039811094100914005,0.0019151042256439436,0.05843013189216394,0.4950466963546645,0.0970176891326275,0.21678791399498515,0.0006867156034167947,0.0,0.0,0.04087196041140218
Sample_463,0.009903447369631883,0.0528929332695461,0.09728669993687937,0.00295382898321351,0.17075460209955037,0.4119783223416968,0.07198158048556712,0.14923420837623746,0.001084454198205031,0.0,0.0,0.03192992293947226
Sample_465,0.028191232899927064,0.08772683482664051,0.05428348818371298,0.002976614920912202,0.07097117557956295,0.4905186616230129,0.07905370209876868,0.13094387561678303,0.000987923140885439,0.0,0.0,0.05434649110979425
Sample_467,0.028269886805391227,0.06742847484518001,0.10159897601596396,0.001861928008197799,0.19102417168366237,0.3630616185852777,0.05240575988173361,0.09707942912968594,0.00015044877826186708,0.0,0.0,0.09711930626664556
Sample_469,0.06663575075113913,0.05264800940252924,0.12869470894358362,0.0039750064297995194,0.19441604103401072,0.34872054003223607,0.028580001491688833,0.05515567599963316,0.0011559685908076086,0.0,0.0,0.12001829732457221
Sample_471,0.029967452681098107,0.0926803293525236,0.08596952519107766,0.001891813362885768,0.13738155024558332,0.2871656161277162,0.14425805747089437,0.15223105368483045,2.6638303642637948e-05,0.0,0.0,0.06842796357974783
Sample_473,0.029292531119070687,0.05648783726533541,0.05333953914597259,0.0034872153090110894,0.06709101533330743,0.43555130261927916,0.06776404132946798,0.19791755949156575,0.002424294056329008,0.0,0.0,0.08664466433066084
Sample_475,0.02381012011205405,0.06835580192168605,0.09791392572009243,0.0033570167216667827,0.19507535183387675,0.34377972694805314,0.08008764057600419,0.11269752009825466,0.0002840689777034931,0.0,0.0,0.07463882709060846
Sample_477,0.021678676209883688,0.06936829120360168,0.06986580026208913,0.0025148086006220563,0.10049241501535337,0.4159635170558874,0.03586257924633129,0.088485316733888,0.004620145557967323,0.0,0.002475732077600827,0.18867271803677535
Sample_479,0.027344765598263585,0.07153356689162754,0.06200738668622226,0.003842699665780568,0.12654501017607075,0.4709149603806172,0.08903470683877053,0.12676242747110905,3.461350411261613e-05,0.0,0.0,0.021979862787426047
Sample_481,0.0467321713200091,0.0742088863397476,0.08268093803268581,0.0019017900626617785,0.16690161012695826,0.3691499560032334,0.05277003316341652,0.13577080608398093,0.0004319853247797767,0.0,0.0,0.06945182354252669
Sample_483,0.018185809711364544,0.07423747066524171,0.07913468590525326,0.0028216661759723053,0.10354228125790836,0.4746583505458854,0.05791773366972199,0.12294322170054167,0.001732306181928278,0.0,0.0,0.06482647418618244
Sample_485,0.023894383715691116,0.08352591049166655,0.08766764361260229,0.004244447522634323,0.11661290631003571,0.43855184969206346,0.06496131006607223,0.1327919546240532,0.004334631333772981,0.0,0.0,0.04341496263140799
Sample_487,0.02224239722744377,0.053803872559441364,0.14940815457236212,0.0011221620630572514,0.20017557747626105,0.41426527249600337,0.0482880113050796,0.06102815931736939,0.00012974145478621848,0.0,0.0,0.04953665152819586
Sample_489,0.026034438241141666,0.18007244764800967,0.1369602186215657,0.004567644219775882,0.4177031218410871,0.12177149222787095,0.05212628655263802,0.03717007169514993,0.0002498049640129823,0.0,0.0,0.02334447398874787
Sample_491,0.022450041120855496,0.13482420788414226,0.18410229335837908,0.0041357531563030155,0.22041987317114917,0.2658891295499232,0.03058217051157578,0.049261946184770575,0.0017401554572327017,0.0,0.0,0.08659442960566868
Sample_493,0.023518673362373746,0.056600433806079216,0.052955310472951655,0.008309060943423655,0.10764100482209155,0.5563726080296985,0.0755208769972328,0.06753928881120065,0.005979963643348235,0.0,0.006858712622685097,0.03870406648891475
Sample_495,0.036348631455836465,0.1395499978284853,0.08761960375241867,0.00934096362832083,0.14296317391121846,0.34335270018313696,0.06403422966185987,0.08161135412972026,0.008649653730714838,0.0,0.0,0.08652969171828835
Sample_497,0.02262490701656786,0.09121152117103527,0.19575806553023517,0.0039681603754633974,0.29305746501942564,0.23525047170641333,0.04582734861112629,0.04254029426258241,0.0026386957306232675,0.0,0.0016246982539435849,0.06549837232258386
Sample_499,0.0663784402287906,0.22468137437180224,0.16301675710348523,0.006772951908603111,0.22494518603392366,0.13516655753780663,0.03659462956580757,0.03779696651553897,0.0023094350329560536,0.0,0.0,0.10233770170128585
Sample_501,0.03301484246041958,0.2608453816872203,0.10863606716688123,0.007336999119465677,0.18243138403542564,0.23846064147996668,0.0579429835632484,0.054486430946800564,0.0017844350034665135,0.0,0.0,0.05506083453710547
Sample_503,0.042132879518354656,0.13089706739531265,0.18828499685555014,0.004231217537475548,0.21977790028223643,0.23324374647761403,0.06760985230000378,0.060585142115724605,0.002032842729444605,0.0,0.0,0.051204354788283446
Sample_505,0.019174080576361496,0.19837029266828862,0.1370445918429319,0.004601967237191322,0.1682511374003893,0.2107794616136544,0.07589399259957759,0.07192837307538427,0.003865131708756513,0.0,0.0,0.11009097127746463
Sample_507,0.007644346134411824,0.1341204814523395,0.12943057642294406,0.004981207756944515,0.2881008073161306,0.2672892903298525,0.056048725878341046,0.04611536855586123,0.0001412662432528828,0.0,0.0,0.06612792990992188
Sample_509,0.03440353742450123,0.14748863606058815,0.15590276196767552,0.00937811666424865,0.24980237317545878,0.14453283981736875,0.07298279216251238,0.08215246281380068,0.001364042133151069,0.0,0.0,0.10199243778069478
Sample_511,0.01623182612894025,0.2500888682117214,0.10344388508568293,0.0018294343586271462,0.12444844091842483,0.34360979629234106,0.015763266072365466,0.0833363612742434,0.002562881522171733,0.0007305541862994712,0.0017446050666051263,0.05621008088257712
Sample_515,0.050455856691970065,0.08506203789133931,0.05917107691724645,0.001516533432833114,0.3736228838166125,0.25906503954378807,0.03129512586380867,0.12219239445502357,0.00021913903539041765,0.0,0.0,0.017399912351987793
Sample_517,0.022995918709006222,0.10396604276375167,0.1273574841337032,0.011073609293484218,0.2751016155121398,0.28075882995891255,0.074029150683287,0.0837629216967862,0.004455437484649521,0.0,0.0010130037592054407,0.015485986005074049
Sample_519,0.06143894538906267,0.10490272199388614,0.17767077250513355,0.005945088440461576,0.3133282511369006,0.1590208101754084,0.054025341206016576,0.05244351272457819,0.0012722882522692022,0.0,0.0,0.06995226817628321
Sample_521,0.01420597213807201,0.0745164840481224,0.2359717790947299,0.0028204263532971815,0.2188134495748848,0.24509346400523122,0.06163386876059583,0.07098520925323715,0.0002717355874483214,0.0,0.0,0.075687611184381
Sample_523,0.006634392227060444,0.09613456732007541,0.038500736534034984,0.002731629690221261,0.1701674594234189,0.26383149757374513,0.15807685495717597,0.1726598105775658,0.0001299296541909702,0.0,0.0,0.09113312204251112
Sample_525,0.0195914619128932,0.07824780866983984,0.0879911348869777,0.006923534579153056,0.09406504585812092,0.4175527717112629,0.07985640698993945,0.1160100096704805,8.059719561293015e-05,0.0,0.0,0.09968122852571952
Sample_527,0.0179270433829544,0.07416759655392577,0.1564622267207259,0.004758507662185667,0.233790976844781,0.3335471830980803,0.06121788922668772,0.06809847539646675,0.0006514857780376633,0.0,0.0,0.04937861533615482
Sample_529,0.044447796968399844,0.08274663627463992,0.08294268032586484,0.004014269479150797,0.18054264293412844,0.41860740972313465,0.054866232346030094,0.06922669670581012,0.0005119106678721244,0.0,0.0,0.0620937245749693
Sample_531,0.03508780013885628,0.0425594417552317,0.0514156797969386,0.0017597712137050932,0.07164360572771192,0.44460743929187024,0.06369065152811075,0.1347978818428577,0.0008232992596683506,0.0,0.0,0.15361442944504922
Sample_564,0.02254507201660446,0.06108960596903591,0.2022988645494357,0.008248592158312388,0.28690838415300696,0.25504774078696024,0.07869231806360318,0.059388544068068025,0.0016273414232886763,0.0,0.0,0.024153536811684556
Sample_566,0.03560315398045658,0.18746266341862705,0.12508181932625428,0.001972910664051628,0.19015081999468839,0.23506974699235192,0.04770967370656081,0.04219144747746255,0.0017500030260997428,0.0,0.0,0.13300776141344697
Sample_568,0.057753599060826645,0.30451167872363644,0.1811904821820587,0.00925765776481902,0.16732018815454094,0.17938267447590675,0.0273627816453527,0.04051480745122954,0.0068307944531258834,0.0,0.0035767164714015833,0.022298619617101976
Sample_570,0.04227315188306294,0.05705024108667838,0.2325728960064126,0.004617068045435846,0.46001223206408054,0.08183317860486082,0.07995212613438943,0.029873950492158054,0.00010484123172619317,0.0,0.0,0.011710314451195249
Sample_572,0.10349977968348983,0.19641549369631017,0.1172784526745618,0.02227731439843214,0.12281994805395408,0.24000793884957827,0.06290629919086117,0.08145748593344407,0.0021339321397394143,0.0,0.0009786218756072656,0.05022473350402195
Sample_574,0.05644595726107888,0.17544112933824385,0.14299915735085525,0.007167414031997794,0.19417923391198752,0.20823482727364986,0.1388402604747329,0.054256360036201504,0.0036500458470191343,0.0,0.0,0.018785614474233343
Sample_576,0.04325339208790152,0.19324129936600296,0.1313094887373035,0.005279449900556932,0.23909654443123912,0.2103472561571309,0.04339615875675481,0.04230822889917625,0.001057904971768354,0.0,0.0,0.0907102766921656
Sample_578,0.053494829727583584,0.1296643960969021,0.13793251293724196,0.008051047629319586,0.279405517787983,0.27148329127038995,0.0504436670298548,0.04764788869401645,0.004460164127916005,0.0,0.0011440584662241872,0.016272626232568387
Sample_580,0.00978798261567555,0.06317783965051095,0.055693023742525015,0.0024054460153485648,0.09768227082109017,0.3283042633214463,0.10288620204196924,0.21611145037640994,0.0017899328762888535,0.0,0.0,0.12216158853873528
Sample_582,0.05284415016035342,0.10304102052539613,0.12299634609906418,0.010732399212857074,0.16119532381760288,0.37030444084969527,0.06684575185658101,0.07455775997323598,0.0008368207438260123,0.0,0.0,0.036645986761387986
Sample_584,0.03988028748894481,0.08683309050651178,0.06709157270958524,0.007960017964226837,0.05529628308771068,0.5120712387972487,0.0904145829200184,0.09688712008836606,0.0032716664817521754,0.0,0.0,0.040294139955635334
Sample_586,0.04158095237099076,0.24547141820142507,0.08793127720730151,0.008261327326504236,0.09463741381981812,0.28134794643286704,0.08904052792545745,0.07020323003918076,0.00280856008470905,0.0,0.0,0.07871734659174603
Sample_588,0.03889237856922717,0.05702427990684628,0.06966594241916758,0.011562956953182331,0.13452081772876512,0.4520163105635666,0.08049884969885794,0.10520802731693853,0.014445547766159203,0.0,0.012504230710302702,0.023660658366986574
Sample_590,0.016881495985087536,0.10026679312295433,0.12138438415112318,0.0014136886380731702,0.20256820286188587,0.34396026214351505,0.04734655612343385,0.08361306232766007,0.0013666197121786122,0.0,0.0,0.08119893493408838
Sample_592,0.023346525352864203,0.07219738395041488,0.14941997362584725,0.00510140551507601,0.20497217461848305,0.3269676133625278,0.03327729806496737,0.05202748782098111,0.0006066948870966652,0.0,0.0,0.13208344280174178
Sample_594,0.023334653058251255,0.12449003266411843,0.08995593248688684,0.0098168637223674,0.122398390684616,0.3719526111770458,0.05611155227629796,0.15300626037877385,0.004680163292088506,0.0,0.0,0.04425354025955396
Sample_596,0.01307918471725607,0.052065053812664415,0.053113107441761884,0.0009243273398944778,0.08519814502111418,0.25537889427887783,0.12197894354978994,0.3756666254831922,0.0047324131941144446,0.0,0.0,0.037863305161334626
Sample_598,0.033102746876665146,0.11220137485337106,0.14329690658300118,0.01499058009634353,0.1769906290709094,0.3553732021384092,0.050195643261435136,0.06204215325425199,0.008439112983245031,0.0,0.0007062410860711082,0.042661409796297026
Sample_600,0.031530293269143604,0.15745153481432753,0.12155834498444562,0.010927655374711206,0.14438010560884318,0.32329955572292607,0.09660078799180682,0.0559703653549748,0.008779946171095485,0.0,0.0017404165408086824,0.047760994166916905
Sample_602,0.016959178596505236,0.055830833723510956,0.048045503718534145,0.004073916511812604,0.07991459639094582,0.5542687533084478,0.11057751517374229,0.09806746281638731,0.0018083050127225481,0.0,0.0,0.030453934747391293
Sample_604,0.032197378200299234,0.08495789064632912,0.13940211422980056,0.008374930201294881,0.32406738470267343,0.24873063897367131,0.04833495797986087,0.04786043665187059,0.006181932570624558,0.0,0.0062026267085999705,0.05368970913497548
Sample_606,0.03534503463869718,0.05774316625909907,0.07417136459141299,0.0061732249062621605,0.08078679928565764,0.34219010037405223,0.1275847819696665,0.23541706611143934,0.0035468411591991506,0.0,0.0,0.0370416207045138
Sample_608,0.01993321040266148,0.16136623970655725,0.08262273973167181,0.011628845977059609,0.13383286143410603,0.3101247778383972,0.09355472368088721,0.06990645779700372,0.00020660087513105964,0.0,0.0,0.1168235425565247
Sample_610,0.03691466905319674,0.18664066735566612,0.09274175622405484,0.011326006847871216,0.141243944962204,0.23161231762007572,0.09859896011487226,0.1256544321063238,0.0051107935732929,0.0,0.0,0.07015645214244248
Sample_612,0.017081147667105796,0.04501402788251153,0.14227508109411607,0.00042966728287991573,0.26581003243122303,0.35996014709279306,0.04571864068773852,0.08019674998411262,0.0009551695963119151,0.0,0.0,0.04255933628120741
Sample_614,0.07602476928983286,0.20937104179046628,0.09505732603084731,0.019775464271484786,0.11099570283320956,0.2701570256245258,0.06683854281622463,0.05777290209669642,0.014062031726574336,0.0,0.011357409464348262,0.06858778405578962
Sample_616,0.07323034152288269,0.33557288308121125,0.08318611707965051,0.021478523938803635,0.12699353648634662,0.19219949980409684,0.05443503961371657,0.07390254027867159,0.005541260973201365,0.0,0.0010709565179199154,0.032389300703498915
Sample_618,0.01665786541434767,0.04645402538337142,0.10815873655112866,0.003408011129473579,0.12108418657554755,0.2066631382311755,0.12709986219280967,0.20084071520427152,0.0006267013832194095,0.0,0.0,0.16900675793465508
Sample_620,0.041990317850100406,0.11417385326211231,0.08419507399786381,0.004192261242814913,0.17275599763481836,0.4147529010155512,0.052288539358143475,0.0778915753904086,0.0004597902413362941,0.0,0.0,0.03729969000685068
Sample_622,0.0745910964060843,0.2021785553627615,0.18957885106685873,0.005355570342712262,0.208517822902443,0.2053360265409383,0.06466375189654838,0.027824360752403122,0.002278040458679521,0.0,0.0,0.019675924270570803
Sample_624,0.032597144026209016,0.09244703443167909,0.042614068705895326,0.005991922200248131,0.05652382995381605,0.530982214265704,0.0651340650766266,0.10060381025212523,0.0003972611116889703,0.0,0.0,0.07270864997600744
Sample_626,0.05679929090968928,0.13661667701616406,0.18786522430501992,0.011849950546992559,0.3449770147485636,0.1192203677065757,0.0775250353272582,0.038243588342989895,0.00310681721800591,0.0,0.0,0.023796033878740745
Sample_628,0.05182014521005526,0.15701870601961135,0.17485743404217183,0.018639806638762236,0.2476783744414763,0.07856890326434082,0.061245874344970024,0.05048522993252334,0.029759110419840442,0.0,0.042856599383371864,0.08706981630287647
Sample_630,0.046295665833980225,0.29981471449426195,0.17282034295830923,0.01691933205589238,0.1720895947599507,0.16797098588676354,0.048176070039722615,0.04141937635420595,0.006581862553114609,0.0,0.0092271596588585,0.018684895404940303
Sample_632,0.06861890779173806,0.3068664829491215,0.11612172969530309,0.017519384801173116,0.14516379215354633,0.19072608482436454,0.03153196647079085,0.050003493235600965,0.006000827949779856,0.00295038592374484,0.0,0.06449694420483688
Sample_634,0.012803896862552355,0.08853772162249605,0.05859396120788468,0.004902244344794729,0.06256273768323696,0.5613669768535973,0.0409317113084014,0.11780476317109544,0.004216306025480327,0.0,0.0018032164925855456,0.0464764644278751
Sample_636,0.056241162766260705,0.11138903337731083,0.11712048583233242,0.018851118321182282,0.15336223284349587,0.21793021147418457,0.12465393606044453,0.1189069658659958,0.013137762055670656,0.0,0.0,0.06840709140312237
Sample_638,0.019043285841691678,0.0681280339355849,0.31074171969994596,0.0021930878379070175,0.44002180695042736,0.08917652127414125,0.019265177623438816,0.022437209476475387,0.0010562282533269987,0.0,0.0004221589186219899,0.027514770188438724
Sample_640,0.008787592631803879,0.06405508011800322,0.1993595540625103,0.00476443193810158,0.21964439478264322,0.34594940940859714,0.036693015106814504,0.09392426542026223,0.00020005766646184297,0.0,0.0,0.026622198864802143
Sample_642,0.03975687848976342,0.17570136777761702,0.17675690330388089,0.026285715708898035,0.1507263810749772,0.2240766603360039,0.07024886208526113,0.06900665575966661,0.003827437182419673,0.0,0.005475152862506179,0.058137985419005896
Sample_644,0.02527867928218772,0.10130309105008968,0.1383087848676147,0.00729742236462101,0.17053519037170606,0.3821462107382673,0.05371269670502704,0.07752959834945738,0.006252995202085878,0.0,0.0,0.03763533106894327
Sample_646,0.04640502938949222,0.1157739342622877,0.15262068151947453,0.008433963907386594,0.20885597859408334,0.29030038616976594,0.04967896324799155,0.0669542938159042,0.006351584703873748,0.0,0.004782115631039219,0.049843068758700905
Sample_648,0.05505933556006008,0.16688019080720526,0.09639872570765,0.009601540104170933,0.09261139818028047,0.4446415835307082,0.0337330267293083,0.06145756298402191,0.003136684436250025,0.0,0.00011753730899664492,0.036362414651348214
Sample_650,0.038756783785962354,0.13010088937208159,0.19374757226157657,0.012435717239573152,0.2468696294808574,0.19184268314380842,0.05382552950437566,0.10032521106463396,0.002785514272346733,0.0,0.00020833112524966578,0.0291021387495344
Sample_652,0.0475699871975696,0.06784326337933178,0.16914661598404604,0.019862773057040557,0.33119323454297456,0.18102096138283108,0.08239230744173279,0.05954824151077968,0.007475885773208208,0.0,0.002908257128202511,0.031038472602283394
Sample_654,0.044576479425042496,0.1190957606941085,0.17955750192644462,0.00938693679400897,0.2114968548919767,0.2784556615734165,0.03674823431701782,0.06007731432310719,0.0069831507022039135,0.0,0.0027817507324086237,0.050840354620264455
Sample_656,0.037872853824340504,0.1725372115133609,0.1670973380447681,0.0212776272475299,0.1814928801070763,0.24133309579845075,0.053027565445405045,0.07283919600432341,0.005562121440440794,0.0,0.0038884843533799913,0.043071626220924274
Sample_658,0.06480997550799635,0.0832896819986665,0.14683180278866226,0.03107118581221028,0.24172297336153167,0.11868285389186127,0.07822291575693235,0.11195518740714114,0.017743864120397874,0.0,0.045651143102729566,0.060018416251870606
Sample_691,0.022633793820084305,0.10015090029261356,0.2011574926806593,0.0031040172263719417,0.26093515699243697,0.2784724914882993,0.0674584290485772,0.03974097468277098,0.00185348435590096,0.0,0.0,0.02449325941228559
Sample_693,0.03947961287459504,0.31797676113345585,0.11100039918703393,0.016594912101934773,0.11521311003736037,0.21794173684136578,0.05534569567913783,0.04972044994338524,0.004132683125741588,0.0,0.01653109824127636,0.05606354083471328
Sample_695,0.03947977512740374,0.14625032381935374,0.10184248214296819,0.007866700007876643,0.1283384296216224,0.36602943626714707,0.05338356862384059,0.08140299491595132,0.003701789957369815,0.0,0.001948742989501225,0.06975575652696517
Sample_697,0.06426703494935873,0.10109711547651389,0.15339315472367346,0.0025992741092600957,0.21173859497709727,0.2443151638500099,0.09439168675331407,0.07987115657507762,0.0005883203110949928,0.0,0.0,0.04773849827460007
Sample_699,0.017165212548785762,0.06984563087588631,0.17509725268562965,0.004398507493677885,0.2549176524779961,0.29487758343415366,0.05039274803239735,0.06093665543229789,0.0035506777138837623,0.0,0.0,0.06881807930529156
Sample_701,0.08182402719591504,0.15414936832740359,0.1779132887624705,0.011874502724479633,0.23998585475663367,0.18723660958673174,0.031260963150459786,0.051514093016549606,0.016202386248092324,0.0,0.00964212712864735,0.03839677910261667
Sample_703,0.05396428505830984,0.15725814166364702,0.11460722505787857,0.028378904754047404,0.13216021409926773,0.2606843667764018,0.04188112799891394,0.06609638798831231,0.027829458510482907,0.0,0.04734205869781419,0.0697978293949243
Sample_705,0.020714590340305844,0.039431811846387166,0.3300044024080283,0.0002455259353852076,0.41422412350879956,0.09385511812607637,0.054616451449809554,0.03153047900740959,0.0015967823184402528,0.0,0.0,0.013780715059358201
Sample_707,0.07132491495068498,0.12461388888122267,0.09324129205743903,0.010484775463706915,0.1259338550917775,0.28984758531934546,0.10478915926757526,0.10572679593982559,0.010308364826201781,0.0,0.0009498144861138818,0.06277955371610702
Sample_709,0.021038251658690603,0.08263380381058012,0.06412413230710909,0.009350506278405116,0.05351107404674707,0.5325249851821172,0.04240357590929753,0.09135286322058618,0.004649821704848023,0.0,0.0010305480096463205,0.09738043787197277
Sample_711,0.08831779120166787,0.1044525873194961,0.1124573309642381,0.021126767861918735,0.1645279160108365,0.24891441601264874,0.0884130259988386,0.08830577378618126,0.018226224711096722,0.008435361608482664,0.016323493030372473,0.040499311494221944
Sample_713,0.07001441468421657,0.13584406047954,0.1295145411708472,0.022682840628359964,0.2662680004365108,0.14043286102160069,0.06934329322128524,0.046978356693886676,0.022006105479468515,0.0,0.026582044500972624,0.07033348168331184
Sample_715,0.021287473605349883,0.10079345652271651,0.08369960183773084,0.011246593012522168,0.09419380400511755,0.511421288075824,0.03542636350380032,0.08360991204757327,0.005765036602563345,0.0,0.0056706779880342,0.046885792798767874
Sample_936,0.008082634539842558,0.02476977984159806,0.0986618431690317,0.00042630163087942967,0.09980371483327363,0.607951457636646,0.039068790521639606,0.10594415115765148,0.0013130243234820412,0.0,0.0,0.01397830234595538
Sample_938,0.021028801147205328,0.015750280005782855,0.13289934363263203,0.0004365168381835388,0.13026343653012495,0.6034309396640687,0.012774119192578447,0.066193943132331,0.0002528054580712973,0.0,0.0,0.016969814399021954
Sample_940,0.006729966051096442,0.00825767923576288,0.231843879194705,0.00037117026122627443,0.24634753160265938,0.4384673656327015,0.011739749329376574,0.036367262298537276,0.0024491798541060633,0.0,0.0,0.017426216539828655
Sample_942,0.005771463963221086,0.01475103984322752,0.024058551935737083,0.00026006332666310335,0.03201385290810365,0.6933506708546203,0.01187576235822331,0.19560462478388163,0.00422791067061312,0.0,0.0,0.018086059355709196
Sample_944,0.0323277859558282,0.08135225738076625,0.06059308792473293,0.0017070425699229883,0.0473165892425489,0.2516362484763158,0.030533126974076688,0.029663612160284333,0.0002556121538564021,0.0,0.0,0.4646146371616675
Sample_950,0.01572628256480036,0.044128089104855446,0.2661491552462774,0.0022650027835382767,0.2705050561833373,0.28968617634313376,0.03169377644869683,0.022723483765552284,0.00035657881816798765,0.0,0.0,0.056766398741640245
Sample_986,0.07638887994614225,0.03318062457294658,0.14874116138228602,0.0012677650383317,0.18770546774537467,0.457814043609537,0.012932125209768545,0.040143525659452076,0.002234386291582216,0.002193358265242703,0.00011776640714117812,0.03728089587219516
Sample_988,0.024335753303198763,0.028902477409282493,0.25694802812855894,0.001646564541269142,0.3303930226520253,0.2565103455821639,0.016757231114465438,0.026086011896563878,0.001120032326415059,0.001561667488847925,3.357272754659343e-05,0.05570529282966263
Sample_990,0.011741290948757636,0.01635898686522607,0.07785417598154834,0.0001787899890141399,0.07447709605893683,0.6501202914335774,0.009285560208626477,0.1530903926088691,0.0011998967037832964,0.0,0.0,0.0056935192016607855
Sample_992,0.02457812848594314,0.034494548190813,0.12014961515390438,0.0003133060471018495,0.1222076407088099,0.5984227100443502,0.011003625560554698,0.037447007111874174,0.003546945328180768,0.011405418821647808,0.00467261353159535,0.03175844101522459
Sample_994,0.011473883217824268,0.045922699784049566,0.36658794287054736,0.002733842454716617,0.3388800213437329,0.08498432175616272,0.006381947018972238,0.009201722485692317,0.0008828138337907656,0.0,0.0,0.13295080523451133
Sample_996,0.005856797495789679,0.026571128011397292,0.2142507029932181,0.0006413362941330482,0.22139461096778562,0.4515910251040167,0.01129531706204163,0.03739031977722396,0.00044636337056920945,0.0,0.0,0.030562398923824705
Sample_998,0.03289084946574426,0.05703409581029044,0.12013096733407168,0.0020614036578588246,0.14173327182040002,0.4671241302062058,0.03280049188080198,0.07195380247898936,0.0021375356891978428,0.016683791801680704,0.001358468710983966,0.05409119114377504
Sample_1000,0.011593199354785783,0.017391212615404186,0.19989507443106896,0.0008506163609195924,0.20155330261154916,0.46502087316737095,0.01598420420072383,0.04193729560010628,0.0005218021569412188,0.0021116755306882966,0.0,0.043140743970441923
